normalisation,scenario,detection_weighted,n_descriptors,ARI,silhouette
none,all_six,True,7,0.06279315253551239,0.32788910322367976
none,all_six,False,7,0.06279315253551239,0.3271106112873956
none,drop_tortuosity,True,6,0.06279315253551239,0.32789356112780194
none,drop_tortuosity,False,6,0.06279315253551239,0.3271155393033959
none,drop_branching_pattern,True,6,0.08430360935670875,0.32703166532460043
none,drop_branching_pattern,False,6,0.08430360935670875,0.3262269223387385
none,drop_wiring,True,6,0.06279315253551239,0.32859399359293856
none,drop_wiring,False,6,0.06279315253551239,0.3279393681238278
none,drop_flux,True,6,0.06279315253551239,0.32733033345815515
none,drop_flux,False,6,0.06279315253551239,0.3265763182303181
none,drop_leaf,True,6,0.06279315253551239,0.32789596359007805
none,drop_leaf,False,6,0.06279315253551239,0.3271185022292863
none,drop_spread,True,6,0.06279315253551239,0.3234761769016119
none,drop_spread,False,6,0.06279315253551239,0.3232998993821415
none,spread_only,True,1,0.4988542832880358,0.3292234104321229
none,spread_only,False,1,0.4988542832880358,0.329223410432123
mean,all_six,True,7,0.4497288956508682,0.26672489789959386
mean,all_six,False,7,0.4497288956508682,0.2568849964078619
mean,drop_tortuosity,True,6,0.4978036254676013,0.27919837569251094
mean,drop_tortuosity,False,6,0.5227073782701376,0.2690396148396602
mean,drop_branching_pattern,True,6,0.4978036254676013,0.25119960661606267
mean,drop_branching_pattern,False,6,0.6563731306207321,0.2396149552645451
mean,drop_wiring,True,6,0.8667213348966732,0.29008669684701854
mean,drop_wiring,False,6,0.8667213348966732,0.28241029983609106
mean,drop_flux,True,6,0.4497288956508682,0.24512226902994533
mean,drop_flux,False,6,0.4978036254676013,0.23536891476149627
mean,drop_leaf,True,6,0.4734775343078902,0.2950241866585685
mean,drop_leaf,False,6,0.4497288956508682,0.28728682495859353
mean,drop_spread,True,6,0.4734775343078902,0.24535723856519462
mean,drop_spread,False,6,0.4497288956508682,0.23643020748302496
mean,spread_only,True,1,0.4988542832880358,0.3292234104321229
mean,spread_only,False,1,0.4988542832880358,0.32922341043212294
max,all_six,True,7,0.4734775343078902,0.25489574223923234
max,all_six,False,7,0.4978036254676013,0.24350648571756933
max,drop_tortuosity,True,6,0.4265575261482492,0.259666912290622
max,drop_tortuosity,False,6,0.6281040909785244,0.24789268766263772
max,drop_branching_pattern,True,6,0.6286791139188833,0.236886402804178
max,drop_branching_pattern,False,6,0.4265575261482492,0.22352093875567497
max,drop_wiring,True,6,0.381945990249358,0.2812965817578587
max,drop_wiring,False,6,0.4039632682559497,0.2719949527723539
max,drop_flux,True,6,0.4265575261482492,0.22902333748488993
max,drop_flux,False,6,0.4039632682559497,0.21774705014490847
max,drop_leaf,True,6,0.6281040909785244,0.2990770315088824
max,drop_leaf,False,6,0.5481890276380422,0.29070330848470316
max,drop_spread,True,6,0.4734775343078902,0.22970141798779306
max,drop_spread,False,6,0.4734775343078902,0.2194745972228072
max,spread_only,True,1,0.4988542832880358,0.3292234104321229
max,spread_only,False,1,0.4988542832880358,0.329223410432123
median,all_six,True,7,0.6010094842675133,0.2812393278357648
median,all_six,False,7,0.6010094842675133,0.273259344173703
median,drop_tortuosity,True,6,0.4978036254676013,0.2952692433976042
median,drop_tortuosity,False,6,0.5227073782701376,0.28747055596289267
median,drop_branching_pattern,True,6,0.4734775343078902,0.26934654977153444
median,drop_branching_pattern,False,6,0.4497288956508682,0.2600476155487456
median,drop_wiring,True,6,0.574248834269729,0.29937677764849036
median,drop_wiring,False,6,0.574248834269729,0.293357979362219
median,drop_flux,True,6,0.4979878084867136,0.2636012207186827
median,drop_flux,False,6,0.5227073782701376,0.25580623489917526
median,drop_leaf,True,6,0.6559001913135507,0.3018076328228612
median,drop_leaf,False,6,0.6281040909785244,0.295646684640154
median,drop_spread,True,6,0.4978036254676013,0.26677195182812574
median,drop_spread,False,6,0.4978036254676013,0.2593103440943346
median,spread_only,True,1,0.4988542832880358,0.32922341043212294
median,spread_only,False,1,0.4988542832880358,0.3292234104321229
