descriptor_a,descriptor_b,n_neuron_pairs,pearson_r,pearson_p,spearman_rho,spearman_p
Tortuosity,Branching_Pattern,6786,-0.03300403778087525,0.006547576110832572,-0.006852943603745195,0.5724623374771464
Tortuosity,Wiring,6786,0.10374934705230437,1.0517526116706527e-17,0.14394832261742832,9.538286534109184e-33
Tortuosity,Flux,6786,-0.029348961331244858,0.01561636849997345,0.03968141405008501,0.0010772687387417097
Tortuosity,Leaf,6786,-0.032835904928606746,0.00682714132827792,-0.046360585645932956,0.0001332327459717439
Tortuosity,Spread,6786,0.32229207615143285,8.246730502839468e-164,0.1404708325507273,2.999426348722056e-31
Tortuosity,Energy,6786,-0.03380985341465811,0.0053454532275338485,-0.02169207860246636,0.07396766380298024
Branching_Pattern,Wiring,6786,0.3714825418920894,4.546967406165673e-221,0.3759522594306752,8.552752133232577e-227
Branching_Pattern,Flux,6786,0.6713253636786357,0.0,0.6097761731838138,0.0
Branching_Pattern,Leaf,6786,0.09582352007813537,2.5651147929223497e-15,0.1179898103976762,1.8094513238819379e-22
Branching_Pattern,Spread,6786,0.04812838173971597,7.301275867251543e-05,0.060932064739608,5.082960116513779e-07
Branching_Pattern,Energy,6786,0.4973648003056331,0.0,0.5508988985689858,0.0
Wiring,Flux,6786,0.34139462647025715,7.965535076840433e-185,0.3218042086056614,2.7127505349956825e-163
Wiring,Leaf,6786,0.17662124319326056,1.1242126989637796e-48,0.18808046411698368,4.521838139829106e-55
Wiring,Spread,6786,0.1985534578921264,2.723928869732734e-61,0.13693585963559265,9.138410335926966e-30
Wiring,Energy,6786,0.12666060779072835,1.1345737163810805e-25,0.14232364708427672,4.8285050335896556e-32
Flux,Leaf,6786,-0.05298075131180226,1.2615639494384957e-05,-0.04957324498905521,4.398886955175826e-05
Flux,Spread,6786,0.0752706964055444,5.357660367633253e-10,0.1255734368196103,2.9444380246286555e-25
Flux,Energy,6786,0.3750795867409512,1.1405242788836666e-225,0.4995747298835983,0.0
Leaf,Spread,6786,-0.05109616295762509,2.5409282781819357e-05,-0.03342677167619764,0.0058895969392383
Leaf,Energy,6786,0.09226318564652095,2.6322678808427634e-14,0.02016924838244448,0.0966434273584758
Spread,Energy,6786,0.1678295778577039,4.680957343872073e-44,0.03082761321279895,0.011097055268791779
