neuron_name,class,class_color,dendrogram_cluster,dendro_class_color,cluster_labels_indices
30_1_1_21a,PMLS-PLLS,#f77189,0.0,#ea801c,0.0
30_4_1_21a,PMLS-PLLS,#f77189,0.0,#ea801c,1.0
31_1_1_PLLS,PMLS-PLLS,#f77189,0.0,#ea801c,2.0
31_1_1_PMLS,PMLS-PLLS,#f77189,0.0,#ea801c,3.0
31_1_2_PMLS,PMLS-PLLS,#f77189,0.0,#ea801c,4.0
31_1_3_PMLS,PMLS-PLLS,#f77189,1.0,#1a80bb,5.0
31_1_4_PMLS,PMLS-PLLS,#f77189,0.0,#ea801c,6.0
31_1_5_PMLS,PMLS-PLLS,#f77189,0.0,#ea801c,7.0
31_1_6_PMLS,PMLS-PLLS,#f77189,0.0,#ea801c,8.0
31_1_7_PMLS,PMLS-PLLS,#f77189,0.0,#ea801c,9.0
31_2_1_PLLS,PMLS-PLLS,#f77189,0.0,#ea801c,10.0
31_3_1_PLLS,PMLS-PLLS,#f77189,0.0,#ea801c,11.0
31_3_2_PLLS,PMLS-PLLS,#f77189,0.0,#ea801c,12.0
31_3_3_PLLS,PMLS-PLLS,#f77189,0.0,#ea801c,13.0
31_4_1_PLLS,PMLS-PLLS,#f77189,0.0,#ea801c,14.0
34_1_1_21a,PMLS-PLLS,#f77189,1.0,#1a80bb,15.0
34_1_1_PMLS,PMLS-PLLS,#f77189,1.0,#1a80bb,16.0
40_2_1_PMLS,PMLS-PLLS,#f77189,0.0,#ea801c,17.0
57_4_1_21a,PMLS-PLLS,#f77189,0.0,#ea801c,18.0
57_4_2_21a,PMLS-PLLS,#f77189,1.0,#1a80bb,19.0
57_4_3_21a,PMLS-PLLS,#f77189,0.0,#ea801c,20.0
57_4_4_21a,PMLS-PLLS,#f77189,0.0,#ea801c,21.0
58_2_1_PLLS,PMLS-PLLS,#f77189,0.0,#ea801c,22.0
58_2_1_PMLS,PMLS-PLLS,#f77189,0.0,#ea801c,23.0
58_3_1_PMLS,PMLS-PLLS,#f77189,0.0,#ea801c,24.0
58_3_2_PMLS,PMLS-PLLS,#f77189,0.0,#ea801c,25.0
58_4_1_PLLS,PMLS-PLLS,#f77189,0.0,#ea801c,26.0
58_4_1_PMLS,PMLS-PLLS,#f77189,0.0,#ea801c,27.0
58_5_1_PLLS,PMLS-PLLS,#f77189,0.0,#ea801c,28.0
61_3_1_21a,PMLS-PLLS,#f77189,1.0,#1a80bb,29.0
61_4_1_21a,PMLS-PLLS,#f77189,1.0,#1a80bb,30.0
62_1_1_PLLS,PMLS-PLLS,#f77189,1.0,#1a80bb,31.0
62_1_1_PMLS,PMLS-PLLS,#f77189,1.0,#1a80bb,32.0
62_1_2_PLLS,PMLS-PLLS,#f77189,1.0,#1a80bb,33.0
62_2_1_PMLS,PMLS-PLLS,#f77189,1.0,#1a80bb,34.0
62_3_1_PLLS,PMLS-PLLS,#f77189,0.0,#ea801c,35.0
62_3_1_PMLS,PMLS-PLLS,#f77189,1.0,#1a80bb,36.0
62_4_1_PLLS,PMLS-PLLS,#f77189,1.0,#1a80bb,37.0
62_4_1_PMLS,PMLS-PLLS,#f77189,1.0,#1a80bb,38.0
62_4_2_PLLS,PMLS-PLLS,#f77189,1.0,#1a80bb,39.0
62_4_2_PMLS,PMLS-PLLS,#f77189,1.0,#1a80bb,40.0
62_4_3_PLLS,PMLS-PLLS,#f77189,1.0,#1a80bb,41.0
62_4_3_PMLS,PMLS-PLLS,#f77189,1.0,#1a80bb,42.0
62_4_4_PMLS,PMLS-PLLS,#f77189,1.0,#1a80bb,43.0
75_1_1_PLLS,PMLS-PLLS,#f77189,0.0,#ea801c,44.0
75_2_1_PLLS,PMLS-PLLS,#f77189,0.0,#ea801c,45.0
75_5_1_PLLS,PMLS-PLLS,#f77189,0.0,#ea801c,46.0
84_4_1_21a,PMLS-PLLS,#f77189,0.0,#ea801c,47.0
85_2_1_PLLS,PMLS-PLLS,#f77189,1.0,#1a80bb,48.0
85_3_1_PLLS,PMLS-PLLS,#f77189,0.0,#ea801c,49.0
121012V1_2Slice2Cell1,V1-V2,#36ada4,1.0,#1a80bb,50.0
121012V1_2Slice2Cell2,V1-V2,#36ada4,1.0,#1a80bb,51.0
121012V1_3Slice6Cell1,V1-V2,#36ada4,1.0,#1a80bb,52.0
121012V1_3Slice6Cell2,V1-V2,#36ada4,1.0,#1a80bb,53.0
121012V1_3Slice6Cell3,V1-V2,#36ada4,1.0,#1a80bb,54.0
121012V1_3Slice6Cell4,V1-V2,#36ada4,1.0,#1a80bb,55.0
121012V1_3Slice6Cell5,V1-V2,#36ada4,1.0,#1a80bb,56.0
121012V1_3Slice6Cell6,V1-V2,#36ada4,1.0,#1a80bb,57.0
121012V1_3Slice7Cell1,V1-V2,#36ada4,1.0,#1a80bb,58.0
32315_V1_3Slice5Cell2,V1-V2,#36ada4,1.0,#1a80bb,59.0
32315_V1_4Slice6Cell2,V1-V2,#36ada4,1.0,#1a80bb,60.0
32315V1_2Slice2Cell1,V1-V2,#36ada4,1.0,#1a80bb,61.0
32315V1_3Slice7Cell1,V1-V2,#36ada4,1.0,#1a80bb,62.0
32315V1_3Slice8Cell2,V1-V2,#36ada4,1.0,#1a80bb,63.0
32315V1_3Slice8Cell3,V1-V2,#36ada4,1.0,#1a80bb,64.0
32315V1_3Slice8Cell4,V1-V2,#36ada4,1.0,#1a80bb,65.0
32315V1_4Slice5Cell1,V1-V2,#36ada4,1.0,#1a80bb,66.0
32315V1_4Slice5Cell2,V1-V2,#36ada4,1.0,#1a80bb,67.0
32315V1_4Slice6Cell1,V1-V2,#36ada4,1.0,#1a80bb,68.0
32315V1_4Slice6Cell2,V1-V2,#36ada4,1.0,#1a80bb,69.0
32315V1_4Slice8_Cell2,V1-V2,#36ada4,1.0,#1a80bb,70.0
32315V1_4Slice8Cell1,V1-V2,#36ada4,1.0,#1a80bb,71.0
4314ARCHV1_2Slice5Cell1,V1-V2,#36ada4,1.0,#1a80bb,72.0
4314ARCHV1_2Slice8Cell1,V1-V2,#36ada4,1.0,#1a80bb,73.0
4314ARCHV1_2Slice8Cell2,V1-V2,#36ada4,1.0,#1a80bb,74.0
72513V1_2Slice10Cell1,V1-V2,#36ada4,1.0,#1a80bb,75.0
72513V1_2Slice12Cell1,V1-V2,#36ada4,1.0,#1a80bb,76.0
72513V1_3Slice2Cell1,V1-V2,#36ada4,1.0,#1a80bb,77.0
72513V1_3Slice3Cell1,V1-V2,#36ada4,1.0,#1a80bb,78.0
72513V1_3Slice6Cell1,V1-V2,#36ada4,1.0,#1a80bb,79.0
72513V1_3Slice6Cell2,V1-V2,#36ada4,1.0,#1a80bb,80.0
72513V1_3Slice7Cell2,V1-V2,#36ada4,1.0,#1a80bb,81.0
72513V1_3Slice8Cell1,V1-V2,#36ada4,1.0,#1a80bb,82.0
72513V1_3Slice9Cell2,V1-V2,#36ada4,1.0,#1a80bb,83.0
72513V1_4Slice2Cell1,V1-V2,#36ada4,1.0,#1a80bb,84.0
72513V1_4Slice2Cell2,V1-V2,#36ada4,1.0,#1a80bb,85.0
72513V1_4Slice2Cell3,V1-V2,#36ada4,1.0,#1a80bb,86.0
72513V1_4Slice2Cell4,V1-V2,#36ada4,1.0,#1a80bb,87.0
72513V1_4Slice3Cell1,V1-V2,#36ada4,1.0,#1a80bb,88.0
72513V1_4Slice3Cell2,V1-V2,#36ada4,1.0,#1a80bb,89.0
72513V1_5Slice2Cell1,V1-V2,#36ada4,1.0,#1a80bb,90.0
72513V1_5Slice3Cell1,V1-V2,#36ada4,1.0,#1a80bb,91.0
72513V13Slice7Cell1,V1-V2,#36ada4,1.0,#1a80bb,92.0
72715_V1_2slice10,V1-V2,#36ada4,1.0,#1a80bb,93.0
72715_V1_2slice5,V1-V2,#36ada4,1.0,#1a80bb,94.0
72715_V1_2slice5cell2,V1-V2,#36ada4,1.0,#1a80bb,95.0
72715_V1_2slice5cell3,V1-V2,#36ada4,1.0,#1a80bb,96.0
72715_V1_2slice8,V1-V2,#36ada4,1.0,#1a80bb,97.0
72715_V1_2slice9,V1-V2,#36ada4,1.0,#1a80bb,98.0
72715_V1_2slice9cell2,V1-V2,#36ada4,1.0,#1a80bb,99.0
72715_V1_5Slice4Cell2,V1-V2,#36ada4,1.0,#1a80bb,100.0
72715_V1_5Slice4Cell3,V1-V2,#36ada4,1.0,#1a80bb,101.0
72715_V1,V1-V2,#36ada4,1.0,#1a80bb,102.0
72715,V1-V2,#36ada4,1.0,#1a80bb,103.0
73014V1_2Slice2Cell1,V1-V2,#36ada4,1.0,#1a80bb,104.0
73014V1_2Slice3Cell3,V1-V2,#36ada4,1.0,#1a80bb,105.0
73014V1_2Slice3Cell4,V1-V2,#36ada4,1.0,#1a80bb,106.0
73014V1_2Slice4Cell3,V1-V2,#36ada4,1.0,#1a80bb,107.0
73014V1_2Slice5Cell3,V1-V2,#36ada4,1.0,#1a80bb,108.0
73014V1_2Slice6Cell1,V1-V2,#36ada4,1.0,#1a80bb,109.0
73014V1_3Slice2Cell1,V1-V2,#36ada4,1.0,#1a80bb,110.0
73014V1_3Slice2Cell2,V1-V2,#36ada4,1.0,#1a80bb,111.0
73014V1_3Slice4Cell2,V1-V2,#36ada4,1.0,#1a80bb,112.0
73014V1_3Slice6Cell1,V1-V2,#36ada4,1.0,#1a80bb,113.0
73014V1_4Slice3Cell1,V1-V2,#36ada4,1.0,#1a80bb,114.0
73014V1_4Slice5Cell1,V1-V2,#36ada4,1.0,#1a80bb,115.0
73014V12Slice9Cell1,V1-V2,#36ada4,1.0,#1a80bb,116.0
