normalisation,scheme,weight_ratio,n_dropped,ARI_vs_class,silhouette,differs_from_unweighted
none,as_implemented,1.2677607788595273,0,0.06279315253551239,0.32788910322367976,False
none,power_2,1.6072173924145157,0,0.06279315253551239,0.328736668031873,False
none,power_4,2.583147746479715,0,0.06279315253551239,0.3306716730247125,False
none,power_8,6.672652280143228,0,0.052908069188028414,0.3357156109960424,True
none,power_16,44.52428845170062,0,0.06279315253551239,0.34937349613647123,True
none,power_32,1982.412262130241,0,0.45101190300329685,0.3485969937771503,True
none,minmax_rescaled,10.875470750690377,1,0.052908069188028414,0.3331280552091175,True
none,threshold_80_published_S4.3,1.0,3,0.06279315253551239,0.3279522859102136,False
none,unweighted,1.0,0,0.06279315253551239,0.3271106112873956,False
mean,as_implemented,1.2677607788595273,0,0.4497288956508682,0.26672489789959386,False
mean,power_2,1.6072173924145157,0,0.4039632682559497,0.27617461940795596,True
mean,power_4,2.583147746479715,0,0.3605055862415265,0.29363292898222765,True
mean,power_8,6.672652280143228,0,0.4039632682559497,0.32177441731074335,True
mean,power_16,44.52428845170062,0,0.8036203739849211,0.3522883800186363,True
mean,power_32,1982.412262130241,0,0.45101190300329685,0.35962426776405815,True
mean,minmax_rescaled,10.875470750690377,1,0.4039632682559497,0.3391827285499665,True
mean,threshold_80_published_S4.3,1.0,3,0.5743857930087557,0.3524245403734458,True
mean,unweighted,1.0,0,0.4497288956508682,0.2568849964078619,False
