representation,k,silhouette,ARI_vs_tier_labels
submitted_unnormalised_six,2,0.7614241481150638,0.06279315253551239
submitted_unnormalised_six,3,0.5791628559386044,0.26211023166141
submitted_unnormalised_six,4,0.5846781203682682,0.2600585909144059
submitted_unnormalised_six,5,0.31783871479334774,0.1449333492849536
submitted_unnormalised_six,6,0.3137195332628335,0.14202592642355327
submitted_unnormalised_six,7,0.30240600995953554,0.2851879559551799
submitted_unnormalised_six,8,0.307444684340992,0.26689571841453774
normalised_six,2,0.3761680099424488,0.4497288956508682
normalised_six,3,0.2250681142736957,0.31221104542987493
normalised_six,4,0.22383383009246868,0.27431957093126946
normalised_six,5,0.1592503226252476,0.5111875772470637
normalised_six,6,0.16121286788986405,0.515613954799103
normalised_six,7,0.17062386889733697,0.48999358953605077
normalised_six,8,0.1717830174011715,0.4888294252243219
normalised_reduced_five,2,0.33275295710144653,0.4978036254676013
normalised_reduced_five,3,0.290745348910515,0.4444176275225839
normalised_reduced_five,4,0.3028951897284466,0.43047018081764626
normalised_reduced_five,5,0.15568462150148757,0.4956930999417146
normalised_reduced_five,6,0.1574760274018649,0.49394415537782227
normalised_reduced_five,7,0.16391605656933947,0.4945346452985966
normalised_reduced_five,8,0.171153207456335,0.4525833674889153
spread_only,2,0.5078549051999844,0.4988542832880358
spread_only,3,0.5594401471516893,0.49933312119591344
spread_only,4,0.4902167455104148,0.3204715458374992
spread_only,5,0.49135408041720047,0.32077252878188034
spread_only,6,0.500619541706874,0.3115065217949519
spread_only,7,0.4286902086416272,0.24271279523097597
spread_only,8,0.4159915302303832,0.2149953223532017
