descriptor,class,neuron_name,beta
Tortuosity,PMLS-PLLS,30_1_1_21a,0.5074626865671642
Tortuosity,PMLS-PLLS,30_4_1_21a,0.5555555555555556
Tortuosity,PMLS-PLLS,31_1_1_PLLS,0.5185185185185185
Tortuosity,PMLS-PLLS,31_1_1_PMLS,0.4537037037037037
Tortuosity,PMLS-PLLS,31_1_2_PMLS,0.4298245614035088
Tortuosity,PMLS-PLLS,31_1_3_PMLS,0.42735042735042733
Tortuosity,PMLS-PLLS,31_1_4_PMLS,0.4336283185840708
Tortuosity,PMLS-PLLS,31_1_5_PMLS,0.44036697247706424
Tortuosity,PMLS-PLLS,31_1_6_PMLS,0.42735042735042733
Tortuosity,PMLS-PLLS,31_1_7_PMLS,0.4336283185840708
Tortuosity,PMLS-PLLS,31_2_1_PLLS,0.66
Tortuosity,PMLS-PLLS,31_3_1_PLLS,0.46226415094339623
Tortuosity,PMLS-PLLS,31_3_2_PLLS,0.42735042735042733
Tortuosity,PMLS-PLLS,31_3_3_PLLS,0.45794392523364486
Tortuosity,PMLS-PLLS,31_4_1_PLLS,0.4336283185840708
Tortuosity,PMLS-PLLS,34_1_1_21a,0.59375
Tortuosity,PMLS-PLLS,34_1_1_PMLS,0.660377358490566
Tortuosity,PMLS-PLLS,40_2_1_PMLS,0.660377358490566
Tortuosity,PMLS-PLLS,57_4_1_21a,0.56
Tortuosity,PMLS-PLLS,57_4_2_21a,0.6730769230769231
Tortuosity,PMLS-PLLS,57_4_3_21a,0.6140350877192983
Tortuosity,PMLS-PLLS,57_4_4_21a,0.66
Tortuosity,PMLS-PLLS,58_2_1_PLLS,0.5370370370370371
Tortuosity,PMLS-PLLS,58_2_1_PMLS,0.6666666666666666
Tortuosity,PMLS-PLLS,58_3_1_PMLS,0.6666666666666666
Tortuosity,PMLS-PLLS,58_3_2_PMLS,0.6730769230769231
Tortuosity,PMLS-PLLS,58_4_1_PLLS,0.46226415094339623
Tortuosity,PMLS-PLLS,58_4_1_PMLS,0.660377358490566
Tortuosity,PMLS-PLLS,58_5_1_PLLS,0.6730769230769231
Tortuosity,PMLS-PLLS,61_3_1_21a,0.6
Tortuosity,PMLS-PLLS,61_4_1_21a,0.42735042735042733
Tortuosity,PMLS-PLLS,62_1_1_PLLS,0.660377358490566
Tortuosity,PMLS-PLLS,62_1_1_PMLS,0.46226415094339623
Tortuosity,PMLS-PLLS,62_1_2_PLLS,0.6470588235294118
Tortuosity,PMLS-PLLS,62_2_1_PMLS,0.6666666666666666
Tortuosity,PMLS-PLLS,62_3_1_PLLS,0.66
Tortuosity,PMLS-PLLS,62_3_1_PMLS,0.660377358490566
Tortuosity,PMLS-PLLS,62_4_1_PLLS,0.6481481481481481
Tortuosity,PMLS-PLLS,62_4_1_PMLS,0.47368421052631576
Tortuosity,PMLS-PLLS,62_4_2_PLLS,0.66
Tortuosity,PMLS-PLLS,62_4_2_PMLS,0.66
Tortuosity,PMLS-PLLS,62_4_3_PLLS,0.6666666666666666
Tortuosity,PMLS-PLLS,62_4_3_PMLS,0.5492957746478874
Tortuosity,PMLS-PLLS,62_4_4_PMLS,0.660377358490566
Tortuosity,PMLS-PLLS,75_1_1_PLLS,0.46226415094339623
Tortuosity,PMLS-PLLS,75_2_1_PLLS,0.6470588235294118
Tortuosity,PMLS-PLLS,75_5_1_PLLS,0.46226415094339623
Tortuosity,PMLS-PLLS,84_4_1_21a,0.66
Tortuosity,PMLS-PLLS,85_2_1_PLLS,0.6666666666666666
Tortuosity,PMLS-PLLS,85_3_1_PLLS,0.42735042735042733
Tortuosity,V1-V2,121012V1_2Slice2Cell1,0.5775862068965517
Tortuosity,V1-V2,121012V1_2Slice2Cell2,0.5775862068965517
Tortuosity,V1-V2,121012V1_3Slice6Cell1,0.7205882352941176
Tortuosity,V1-V2,121012V1_3Slice6Cell2,0.7205882352941176
Tortuosity,V1-V2,121012V1_3Slice6Cell3,0.7246376811594203
Tortuosity,V1-V2,121012V1_3Slice6Cell4,0.5775862068965517
Tortuosity,V1-V2,121012V1_3Slice6Cell5,0.5775862068965517
Tortuosity,V1-V2,121012V1_3Slice6Cell6,0.5775862068965517
Tortuosity,V1-V2,121012V1_3Slice7Cell1,0.7246376811594203
Tortuosity,V1-V2,32315_V1_3Slice5Cell2,0.75
Tortuosity,V1-V2,32315_V1_4Slice6Cell2,0.746268656716418
Tortuosity,V1-V2,32315V1_2Slice2Cell1,0.7536231884057971
Tortuosity,V1-V2,32315V1_3Slice7Cell1,0.75
Tortuosity,V1-V2,32315V1_3Slice8Cell2,0.7083333333333334
Tortuosity,V1-V2,32315V1_3Slice8Cell3,0.7183098591549296
Tortuosity,V1-V2,32315V1_3Slice8Cell4,0.7142857142857143
Tortuosity,V1-V2,32315V1_4Slice5Cell1,0.7352941176470589
Tortuosity,V1-V2,32315V1_4Slice5Cell2,0.5775862068965517
Tortuosity,V1-V2,32315V1_4Slice6Cell1,0.75
Tortuosity,V1-V2,32315V1_4Slice6Cell2,0.75
Tortuosity,V1-V2,32315V1_4Slice8_Cell2,0.75
Tortuosity,V1-V2,32315V1_4Slice8Cell1,0.75
Tortuosity,V1-V2,4314ARCHV1_2Slice5Cell1,0.7058823529411765
Tortuosity,V1-V2,4314ARCHV1_2Slice8Cell1,0.6376811594202898
Tortuosity,V1-V2,4314ARCHV1_2Slice8Cell2,0.7246376811594203
Tortuosity,V1-V2,72513V1_2Slice10Cell1,0.746268656716418
Tortuosity,V1-V2,72513V1_2Slice12Cell1,0.5775862068965517
Tortuosity,V1-V2,72513V1_3Slice2Cell1,0.7083333333333334
Tortuosity,V1-V2,72513V1_3Slice3Cell1,0.5775862068965517
Tortuosity,V1-V2,72513V1_3Slice6Cell1,0.6575342465753424
Tortuosity,V1-V2,72513V1_3Slice6Cell2,0.7083333333333334
Tortuosity,V1-V2,72513V1_3Slice7Cell2,0.5775862068965517
Tortuosity,V1-V2,72513V1_3Slice8Cell1,0.7164179104477612
Tortuosity,V1-V2,72513V1_3Slice9Cell2,0.7183098591549296
Tortuosity,V1-V2,72513V1_4Slice2Cell1,0.7123287671232876
Tortuosity,V1-V2,72513V1_4Slice2Cell2,0.6470588235294118
Tortuosity,V1-V2,72513V1_4Slice2Cell3,0.7101449275362319
Tortuosity,V1-V2,72513V1_4Slice2Cell4,0.6164383561643836
Tortuosity,V1-V2,72513V1_4Slice3Cell1,0.746268656716418
Tortuosity,V1-V2,72513V1_4Slice3Cell2,0.5775862068965517
Tortuosity,V1-V2,72513V1_5Slice2Cell1,0.6071428571428571
Tortuosity,V1-V2,72513V1_5Slice3Cell1,0.5775862068965517
Tortuosity,V1-V2,72513V13Slice7Cell1,0.5775862068965517
Tortuosity,V1-V2,72715_V1_2slice10,0.6417910447761194
Tortuosity,V1-V2,72715_V1_2slice5,0.746268656716418
Tortuosity,V1-V2,72715_V1_2slice5cell2,0.746268656716418
Tortuosity,V1-V2,72715_V1_2slice5cell3,0.6567164179104478
Tortuosity,V1-V2,72715_V1_2slice8,0.75
Tortuosity,V1-V2,72715_V1_2slice9,0.7101449275362319
Tortuosity,V1-V2,72715_V1_2slice9cell2,0.7313432835820896
Tortuosity,V1-V2,72715_V1_5Slice4Cell2,0.6911764705882353
Tortuosity,V1-V2,72715_V1_5Slice4Cell3,0.7307692307692307
Tortuosity,V1-V2,72715_V1,0.5775862068965517
Tortuosity,V1-V2,72715,0.75
Tortuosity,V1-V2,73014V1_2Slice2Cell1,0.5775862068965517
Tortuosity,V1-V2,73014V1_2Slice3Cell3,0.75
Tortuosity,V1-V2,73014V1_2Slice3Cell4,0.7162162162162162
Tortuosity,V1-V2,73014V1_2Slice4Cell3,0.6716417910447762
Tortuosity,V1-V2,73014V1_2Slice5Cell3,0.5775862068965517
Tortuosity,V1-V2,73014V1_2Slice6Cell1,0.7246376811594203
Tortuosity,V1-V2,73014V1_3Slice2Cell1,0.6764705882352942
Tortuosity,V1-V2,73014V1_3Slice2Cell2,0.5775862068965517
Tortuosity,V1-V2,73014V1_3Slice4Cell2,0.746268656716418
Tortuosity,V1-V2,73014V1_3Slice6Cell1,0.5775862068965517
Tortuosity,V1-V2,73014V1_4Slice3Cell1,0.6119402985074627
Tortuosity,V1-V2,73014V1_4Slice5Cell1,0.6417910447761194
Tortuosity,V1-V2,73014V12Slice9Cell1,0.6756756756756757
Branching_Pattern,PMLS-PLLS,30_1_1_21a,0.7058823529411765
Branching_Pattern,PMLS-PLLS,30_4_1_21a,0.7058823529411765
Branching_Pattern,PMLS-PLLS,31_1_1_PLLS,0.7254901960784313
Branching_Pattern,PMLS-PLLS,31_1_1_PMLS,0.6078431372549019
Branching_Pattern,PMLS-PLLS,31_1_2_PMLS,0.72
Branching_Pattern,PMLS-PLLS,31_1_3_PMLS,0.42735042735042733
Branching_Pattern,PMLS-PLLS,31_1_4_PMLS,0.6226415094339622
Branching_Pattern,PMLS-PLLS,31_1_5_PMLS,0.54
Branching_Pattern,PMLS-PLLS,31_1_6_PMLS,0.72
Branching_Pattern,PMLS-PLLS,31_1_7_PMLS,0.42735042735042733
Branching_Pattern,PMLS-PLLS,31_2_1_PLLS,0.7
Branching_Pattern,PMLS-PLLS,31_3_1_PLLS,0.5272727272727272
Branching_Pattern,PMLS-PLLS,31_3_2_PLLS,0.7
Branching_Pattern,PMLS-PLLS,31_3_3_PLLS,0.52
Branching_Pattern,PMLS-PLLS,31_4_1_PLLS,0.7
Branching_Pattern,PMLS-PLLS,34_1_1_21a,0.42735042735042733
Branching_Pattern,PMLS-PLLS,34_1_1_PMLS,0.49019607843137253
Branching_Pattern,PMLS-PLLS,40_2_1_PMLS,0.72
Branching_Pattern,PMLS-PLLS,57_4_1_21a,0.7058823529411765
Branching_Pattern,PMLS-PLLS,57_4_2_21a,0.45714285714285713
Branching_Pattern,PMLS-PLLS,57_4_3_21a,0.7
Branching_Pattern,PMLS-PLLS,57_4_4_21a,0.7
Branching_Pattern,PMLS-PLLS,58_2_1_PLLS,0.72
Branching_Pattern,PMLS-PLLS,58_2_1_PMLS,0.7
Branching_Pattern,PMLS-PLLS,58_3_1_PMLS,0.7058823529411765
Branching_Pattern,PMLS-PLLS,58_3_2_PMLS,0.72
Branching_Pattern,PMLS-PLLS,58_4_1_PLLS,0.54
Branching_Pattern,PMLS-PLLS,58_4_1_PMLS,0.72
Branching_Pattern,PMLS-PLLS,58_5_1_PLLS,0.72
Branching_Pattern,PMLS-PLLS,61_3_1_21a,0.42735042735042733
Branching_Pattern,PMLS-PLLS,61_4_1_21a,0.42735042735042733
Branching_Pattern,PMLS-PLLS,62_1_1_PLLS,0.42735042735042733
Branching_Pattern,PMLS-PLLS,62_1_1_PMLS,0.42735042735042733
Branching_Pattern,PMLS-PLLS,62_1_2_PLLS,0.42735042735042733
Branching_Pattern,PMLS-PLLS,62_2_1_PMLS,0.42735042735042733
Branching_Pattern,PMLS-PLLS,62_3_1_PLLS,0.4794520547945205
Branching_Pattern,PMLS-PLLS,62_3_1_PMLS,0.42735042735042733
Branching_Pattern,PMLS-PLLS,62_4_1_PLLS,0.42735042735042733
Branching_Pattern,PMLS-PLLS,62_4_1_PMLS,0.42735042735042733
Branching_Pattern,PMLS-PLLS,62_4_2_PLLS,0.42735042735042733
Branching_Pattern,PMLS-PLLS,62_4_2_PMLS,0.42735042735042733
Branching_Pattern,PMLS-PLLS,62_4_3_PLLS,0.42735042735042733
Branching_Pattern,PMLS-PLLS,62_4_3_PMLS,0.42735042735042733
Branching_Pattern,PMLS-PLLS,62_4_4_PMLS,0.42735042735042733
Branching_Pattern,PMLS-PLLS,75_1_1_PLLS,0.54
Branching_Pattern,PMLS-PLLS,75_2_1_PLLS,0.7
Branching_Pattern,PMLS-PLLS,75_5_1_PLLS,0.68
Branching_Pattern,PMLS-PLLS,84_4_1_21a,0.6078431372549019
Branching_Pattern,PMLS-PLLS,85_2_1_PLLS,0.4492753623188406
Branching_Pattern,PMLS-PLLS,85_3_1_PLLS,0.4647887323943662
Branching_Pattern,V1-V2,121012V1_2Slice2Cell1,0.8048780487804879
Branching_Pattern,V1-V2,121012V1_2Slice2Cell2,0.8048780487804879
Branching_Pattern,V1-V2,121012V1_3Slice6Cell1,0.8048780487804879
Branching_Pattern,V1-V2,121012V1_3Slice6Cell2,0.8048780487804879
Branching_Pattern,V1-V2,121012V1_3Slice6Cell3,0.8048780487804879
Branching_Pattern,V1-V2,121012V1_3Slice6Cell4,0.8048780487804879
Branching_Pattern,V1-V2,121012V1_3Slice6Cell5,0.8048780487804879
Branching_Pattern,V1-V2,121012V1_3Slice6Cell6,0.8048780487804879
Branching_Pattern,V1-V2,121012V1_3Slice7Cell1,0.8048780487804879
Branching_Pattern,V1-V2,32315_V1_3Slice5Cell2,0.6410256410256411
Branching_Pattern,V1-V2,32315_V1_4Slice6Cell2,0.5739130434782609
Branching_Pattern,V1-V2,32315V1_2Slice2Cell1,0.6753246753246753
Branching_Pattern,V1-V2,32315V1_3Slice7Cell1,0.7916666666666666
Branching_Pattern,V1-V2,32315V1_3Slice8Cell2,0.7611940298507462
Branching_Pattern,V1-V2,32315V1_3Slice8Cell3,0.7647058823529411
Branching_Pattern,V1-V2,32315V1_3Slice8Cell4,0.8048780487804879
Branching_Pattern,V1-V2,32315V1_4Slice5Cell1,0.8
Branching_Pattern,V1-V2,32315V1_4Slice5Cell2,0.7761194029850746
Branching_Pattern,V1-V2,32315V1_4Slice6Cell1,0.6710526315789473
Branching_Pattern,V1-V2,32315V1_4Slice6Cell2,0.7611940298507462
Branching_Pattern,V1-V2,32315V1_4Slice8_Cell2,0.6455696202531646
Branching_Pattern,V1-V2,32315V1_4Slice8Cell1,0.75
Branching_Pattern,V1-V2,4314ARCHV1_2Slice5Cell1,0.8048780487804879
Branching_Pattern,V1-V2,4314ARCHV1_2Slice8Cell1,0.8
Branching_Pattern,V1-V2,4314ARCHV1_2Slice8Cell2,0.8048780487804879
Branching_Pattern,V1-V2,72513V1_2Slice10Cell1,0.746268656716418
Branching_Pattern,V1-V2,72513V1_2Slice12Cell1,0.8048780487804879
Branching_Pattern,V1-V2,72513V1_3Slice2Cell1,0.8
Branching_Pattern,V1-V2,72513V1_3Slice3Cell1,0.8048780487804879
Branching_Pattern,V1-V2,72513V1_3Slice6Cell1,0.8048780487804879
Branching_Pattern,V1-V2,72513V1_3Slice6Cell2,0.7916666666666666
Branching_Pattern,V1-V2,72513V1_3Slice7Cell2,0.75
Branching_Pattern,V1-V2,72513V1_3Slice8Cell1,0.7761194029850746
Branching_Pattern,V1-V2,72513V1_3Slice9Cell2,0.7083333333333334
Branching_Pattern,V1-V2,72513V1_4Slice2Cell1,0.704225352112676
Branching_Pattern,V1-V2,72513V1_4Slice2Cell2,0.8048780487804879
Branching_Pattern,V1-V2,72513V1_4Slice2Cell3,0.8024691358024691
Branching_Pattern,V1-V2,72513V1_4Slice2Cell4,0.8048780487804879
Branching_Pattern,V1-V2,72513V1_4Slice3Cell1,0.684931506849315
Branching_Pattern,V1-V2,72513V1_4Slice3Cell2,0.8055555555555556
Branching_Pattern,V1-V2,72513V1_5Slice2Cell1,0.7916666666666666
Branching_Pattern,V1-V2,72513V1_5Slice3Cell1,0.7761194029850746
Branching_Pattern,V1-V2,72513V13Slice7Cell1,0.8048780487804879
Branching_Pattern,V1-V2,72715_V1_2slice10,0.8048780487804879
Branching_Pattern,V1-V2,72715_V1_2slice5,0.8048780487804879
Branching_Pattern,V1-V2,72715_V1_2slice5cell2,0.8115942028985508
Branching_Pattern,V1-V2,72715_V1_2slice5cell3,0.8048780487804879
Branching_Pattern,V1-V2,72715_V1_2slice8,0.8048780487804879
Branching_Pattern,V1-V2,72715_V1_2slice9,0.7761194029850746
Branching_Pattern,V1-V2,72715_V1_2slice9cell2,0.7916666666666666
Branching_Pattern,V1-V2,72715_V1_5Slice4Cell2,0.6944444444444444
Branching_Pattern,V1-V2,72715_V1_5Slice4Cell3,0.6710526315789473
Branching_Pattern,V1-V2,72715_V1,0.8048780487804879
Branching_Pattern,V1-V2,72715,0.8048780487804879
Branching_Pattern,V1-V2,73014V1_2Slice2Cell1,0.8
Branching_Pattern,V1-V2,73014V1_2Slice3Cell3,0.8048780487804879
Branching_Pattern,V1-V2,73014V1_2Slice3Cell4,0.8048780487804879
Branching_Pattern,V1-V2,73014V1_2Slice4Cell3,0.8048780487804879
Branching_Pattern,V1-V2,73014V1_2Slice5Cell3,0.7916666666666666
Branching_Pattern,V1-V2,73014V1_2Slice6Cell1,0.7647058823529411
Branching_Pattern,V1-V2,73014V1_3Slice2Cell1,0.7761194029850746
Branching_Pattern,V1-V2,73014V1_3Slice2Cell2,0.7971014492753623
Branching_Pattern,V1-V2,73014V1_3Slice4Cell2,0.8024691358024691
Branching_Pattern,V1-V2,73014V1_3Slice6Cell1,0.8048780487804879
Branching_Pattern,V1-V2,73014V1_4Slice3Cell1,0.75
Branching_Pattern,V1-V2,73014V1_4Slice5Cell1,0.8048780487804879
Branching_Pattern,V1-V2,73014V12Slice9Cell1,0.8048780487804879
Wiring,PMLS-PLLS,30_1_1_21a,0.43103448275862066
Wiring,PMLS-PLLS,30_4_1_21a,0.5081967213114754
Wiring,PMLS-PLLS,31_1_1_PLLS,0.5555555555555556
Wiring,PMLS-PLLS,31_1_1_PMLS,0.44
Wiring,PMLS-PLLS,31_1_2_PMLS,0.5660377358490566
Wiring,PMLS-PLLS,31_1_3_PMLS,0.5689655172413793
Wiring,PMLS-PLLS,31_1_4_PMLS,0.43103448275862066
Wiring,PMLS-PLLS,31_1_5_PMLS,0.43103448275862066
Wiring,PMLS-PLLS,31_1_6_PMLS,0.5686274509803921
Wiring,PMLS-PLLS,31_1_7_PMLS,0.43103448275862066
Wiring,PMLS-PLLS,31_2_1_PLLS,0.5357142857142857
Wiring,PMLS-PLLS,31_3_1_PLLS,0.6
Wiring,PMLS-PLLS,31_3_2_PLLS,0.43103448275862066
Wiring,PMLS-PLLS,31_3_3_PLLS,0.43103448275862066
Wiring,PMLS-PLLS,31_4_1_PLLS,0.5573770491803278
Wiring,PMLS-PLLS,34_1_1_21a,0.43103448275862066
Wiring,PMLS-PLLS,34_1_1_PMLS,0.4716981132075472
Wiring,PMLS-PLLS,40_2_1_PMLS,0.6
Wiring,PMLS-PLLS,57_4_1_21a,0.54
Wiring,PMLS-PLLS,57_4_2_21a,0.5423728813559322
Wiring,PMLS-PLLS,57_4_3_21a,0.5283018867924528
Wiring,PMLS-PLLS,57_4_4_21a,0.4336283185840708
Wiring,PMLS-PLLS,58_2_1_PLLS,0.5636363636363636
Wiring,PMLS-PLLS,58_2_1_PMLS,0.509090909090909
Wiring,PMLS-PLLS,58_3_1_PMLS,0.625
Wiring,PMLS-PLLS,58_3_2_PMLS,0.6078431372549019
Wiring,PMLS-PLLS,58_4_1_PLLS,0.58
Wiring,PMLS-PLLS,58_4_1_PMLS,0.6078431372549019
Wiring,PMLS-PLLS,58_5_1_PLLS,0.62
Wiring,PMLS-PLLS,61_3_1_21a,0.43103448275862066
Wiring,PMLS-PLLS,61_4_1_21a,0.43103448275862066
Wiring,PMLS-PLLS,62_1_1_PLLS,0.43103448275862066
Wiring,PMLS-PLLS,62_1_1_PMLS,0.43103448275862066
Wiring,PMLS-PLLS,62_1_2_PLLS,0.43103448275862066
Wiring,PMLS-PLLS,62_2_1_PMLS,0.44
Wiring,PMLS-PLLS,62_3_1_PLLS,0.43103448275862066
Wiring,PMLS-PLLS,62_3_1_PMLS,0.56
Wiring,PMLS-PLLS,62_4_1_PLLS,0.43103448275862066
Wiring,PMLS-PLLS,62_4_1_PMLS,0.43103448275862066
Wiring,PMLS-PLLS,62_4_2_PLLS,0.43103448275862066
Wiring,PMLS-PLLS,62_4_2_PMLS,0.5135135135135135
Wiring,PMLS-PLLS,62_4_3_PLLS,0.43103448275862066
Wiring,PMLS-PLLS,62_4_3_PMLS,0.6
Wiring,PMLS-PLLS,62_4_4_PMLS,0.5
Wiring,PMLS-PLLS,75_1_1_PLLS,0.58
Wiring,PMLS-PLLS,75_2_1_PLLS,0.5769230769230769
Wiring,PMLS-PLLS,75_5_1_PLLS,0.49206349206349204
Wiring,PMLS-PLLS,84_4_1_21a,0.43103448275862066
Wiring,PMLS-PLLS,85_2_1_PLLS,0.43103448275862066
Wiring,PMLS-PLLS,85_3_1_PLLS,0.58
Wiring,V1-V2,121012V1_2Slice2Cell1,0.6764705882352942
Wiring,V1-V2,121012V1_2Slice2Cell2,0.6716417910447762
Wiring,V1-V2,121012V1_3Slice6Cell1,0.6623376623376623
Wiring,V1-V2,121012V1_3Slice6Cell2,0.6865671641791045
Wiring,V1-V2,121012V1_3Slice6Cell3,0.6911764705882353
Wiring,V1-V2,121012V1_3Slice6Cell4,0.6666666666666666
Wiring,V1-V2,121012V1_3Slice6Cell5,0.6764705882352942
Wiring,V1-V2,121012V1_3Slice6Cell6,0.6666666666666666
Wiring,V1-V2,121012V1_3Slice7Cell1,0.6911764705882353
Wiring,V1-V2,32315_V1_3Slice5Cell2,0.5739130434782609
Wiring,V1-V2,32315_V1_4Slice6Cell2,0.5769230769230769
Wiring,V1-V2,32315V1_2Slice2Cell1,0.7164179104477612
Wiring,V1-V2,32315V1_3Slice7Cell1,0.7027027027027027
Wiring,V1-V2,32315V1_3Slice8Cell2,0.7027027027027027
Wiring,V1-V2,32315V1_3Slice8Cell3,0.6197183098591549
Wiring,V1-V2,32315V1_3Slice8Cell4,0.6716417910447762
Wiring,V1-V2,32315V1_4Slice5Cell1,0.6521739130434783
Wiring,V1-V2,32315V1_4Slice5Cell2,0.6891891891891891
Wiring,V1-V2,32315V1_4Slice6Cell1,0.5754716981132075
Wiring,V1-V2,32315V1_4Slice6Cell2,0.5747126436781609
Wiring,V1-V2,32315V1_4Slice8_Cell2,0.5739130434782609
Wiring,V1-V2,32315V1_4Slice8Cell1,0.582089552238806
Wiring,V1-V2,4314ARCHV1_2Slice5Cell1,0.6716417910447762
Wiring,V1-V2,4314ARCHV1_2Slice8Cell1,0.5972222222222222
Wiring,V1-V2,4314ARCHV1_2Slice8Cell2,0.6716417910447762
Wiring,V1-V2,72513V1_2Slice10Cell1,0.5862068965517241
Wiring,V1-V2,72513V1_2Slice12Cell1,0.6712328767123288
Wiring,V1-V2,72513V1_3Slice2Cell1,0.5739130434782609
Wiring,V1-V2,72513V1_3Slice3Cell1,0.5752212389380531
Wiring,V1-V2,72513V1_3Slice6Cell1,0.6666666666666666
Wiring,V1-V2,72513V1_3Slice6Cell2,0.5824175824175825
Wiring,V1-V2,72513V1_3Slice7Cell2,0.6865671641791045
Wiring,V1-V2,72513V1_3Slice8Cell1,0.6944444444444444
Wiring,V1-V2,72513V1_3Slice9Cell2,0.6944444444444444
Wiring,V1-V2,72513V1_4Slice2Cell1,0.5739130434782609
Wiring,V1-V2,72513V1_4Slice2Cell2,0.6911764705882353
Wiring,V1-V2,72513V1_4Slice2Cell3,0.6470588235294118
Wiring,V1-V2,72513V1_4Slice2Cell4,0.6865671641791045
Wiring,V1-V2,72513V1_4Slice3Cell1,0.5739130434782609
Wiring,V1-V2,72513V1_4Slice3Cell2,0.6956521739130435
Wiring,V1-V2,72513V1_5Slice2Cell1,0.6944444444444444
Wiring,V1-V2,72513V1_5Slice3Cell1,0.6944444444444444
Wiring,V1-V2,72513V13Slice7Cell1,0.6716417910447762
Wiring,V1-V2,72715_V1_2slice10,0.6865671641791045
Wiring,V1-V2,72715_V1_2slice5,0.6666666666666666
Wiring,V1-V2,72715_V1_2slice5cell2,0.7014925373134329
Wiring,V1-V2,72715_V1_2slice5cell3,0.5816326530612245
Wiring,V1-V2,72715_V1_2slice8,0.6527777777777778
Wiring,V1-V2,72715_V1_2slice9,0.6944444444444444
Wiring,V1-V2,72715_V1_2slice9cell2,0.6986301369863014
Wiring,V1-V2,72715_V1_5Slice4Cell2,0.5739130434782609
Wiring,V1-V2,72715_V1_5Slice4Cell3,0.5833333333333334
Wiring,V1-V2,72715_V1,0.6865671641791045
Wiring,V1-V2,72715,0.6764705882352942
Wiring,V1-V2,73014V1_2Slice2Cell1,0.6619718309859155
Wiring,V1-V2,73014V1_2Slice3Cell3,0.5752212389380531
Wiring,V1-V2,73014V1_2Slice3Cell4,0.6956521739130435
Wiring,V1-V2,73014V1_2Slice4Cell3,0.6438356164383562
Wiring,V1-V2,73014V1_2Slice5Cell3,0.6986301369863014
Wiring,V1-V2,73014V1_2Slice6Cell1,0.6716417910447762
Wiring,V1-V2,73014V1_3Slice2Cell1,0.6301369863013698
Wiring,V1-V2,73014V1_3Slice2Cell2,0.6956521739130435
Wiring,V1-V2,73014V1_3Slice4Cell2,0.6527777777777778
Wiring,V1-V2,73014V1_3Slice6Cell1,0.6911764705882353
Wiring,V1-V2,73014V1_4Slice3Cell1,0.5752212389380531
Wiring,V1-V2,73014V1_4Slice5Cell1,0.6911764705882353
Wiring,V1-V2,73014V12Slice9Cell1,0.5726495726495726
Flux,PMLS-PLLS,30_1_1_21a,0.72
Flux,PMLS-PLLS,30_4_1_21a,0.8
Flux,PMLS-PLLS,31_1_1_PLLS,0.7843137254901961
Flux,PMLS-PLLS,31_1_1_PMLS,0.7884615384615384
Flux,PMLS-PLLS,31_1_2_PMLS,0.8
Flux,PMLS-PLLS,31_1_3_PMLS,0.68
Flux,PMLS-PLLS,31_1_4_PMLS,0.7450980392156863
Flux,PMLS-PLLS,31_1_5_PMLS,0.42735042735042733
Flux,PMLS-PLLS,31_1_6_PMLS,0.8
Flux,PMLS-PLLS,31_1_7_PMLS,0.76
Flux,PMLS-PLLS,31_2_1_PLLS,0.7843137254901961
Flux,PMLS-PLLS,31_3_1_PLLS,0.62
Flux,PMLS-PLLS,31_3_2_PLLS,0.68
Flux,PMLS-PLLS,31_3_3_PLLS,0.74
Flux,PMLS-PLLS,31_4_1_PLLS,0.78
Flux,PMLS-PLLS,34_1_1_21a,0.42735042735042733
Flux,PMLS-PLLS,34_1_1_PMLS,0.5576923076923077
Flux,PMLS-PLLS,40_2_1_PMLS,0.72
Flux,PMLS-PLLS,57_4_1_21a,0.78
Flux,PMLS-PLLS,57_4_2_21a,0.42735042735042733
Flux,PMLS-PLLS,57_4_3_21a,0.8
Flux,PMLS-PLLS,57_4_4_21a,0.64
Flux,PMLS-PLLS,58_2_1_PLLS,0.64
Flux,PMLS-PLLS,58_2_1_PMLS,0.62
Flux,PMLS-PLLS,58_3_1_PMLS,0.78
Flux,PMLS-PLLS,58_3_2_PMLS,0.660377358490566
Flux,PMLS-PLLS,58_4_1_PLLS,0.5172413793103449
Flux,PMLS-PLLS,58_4_1_PMLS,0.68
Flux,PMLS-PLLS,58_5_1_PLLS,0.7843137254901961
Flux,PMLS-PLLS,61_3_1_21a,0.42735042735042733
Flux,PMLS-PLLS,61_4_1_21a,0.42735042735042733
Flux,PMLS-PLLS,62_1_1_PLLS,0.42735042735042733
Flux,PMLS-PLLS,62_1_1_PMLS,0.42735042735042733
Flux,PMLS-PLLS,62_1_2_PLLS,0.42857142857142855
Flux,PMLS-PLLS,62_2_1_PMLS,0.42735042735042733
Flux,PMLS-PLLS,62_3_1_PLLS,0.58
Flux,PMLS-PLLS,62_3_1_PMLS,0.42735042735042733
Flux,PMLS-PLLS,62_4_1_PLLS,0.5
Flux,PMLS-PLLS,62_4_1_PMLS,0.42735042735042733
Flux,PMLS-PLLS,62_4_2_PLLS,0.64
Flux,PMLS-PLLS,62_4_2_PMLS,0.42735042735042733
Flux,PMLS-PLLS,62_4_3_PLLS,0.6037735849056604
Flux,PMLS-PLLS,62_4_3_PMLS,0.42735042735042733
Flux,PMLS-PLLS,62_4_4_PMLS,0.42735042735042733
Flux,PMLS-PLLS,75_1_1_PLLS,0.6
Flux,PMLS-PLLS,75_2_1_PLLS,0.6
Flux,PMLS-PLLS,75_5_1_PLLS,0.68
Flux,PMLS-PLLS,84_4_1_21a,0.42735042735042733
Flux,PMLS-PLLS,85_2_1_PLLS,0.54
Flux,PMLS-PLLS,85_3_1_PLLS,0.7843137254901961
Flux,V1-V2,121012V1_2Slice2Cell1,0.8382352941176471
Flux,V1-V2,121012V1_2Slice2Cell2,0.8507462686567164
Flux,V1-V2,121012V1_3Slice6Cell1,0.8382352941176471
Flux,V1-V2,121012V1_3Slice6Cell2,0.8507462686567164
Flux,V1-V2,121012V1_3Slice6Cell3,0.8382352941176471
Flux,V1-V2,121012V1_3Slice6Cell4,0.8507462686567164
Flux,V1-V2,121012V1_3Slice6Cell5,0.8382352941176471
Flux,V1-V2,121012V1_3Slice6Cell6,0.8382352941176471
Flux,V1-V2,121012V1_3Slice7Cell1,0.7560975609756098
Flux,V1-V2,32315_V1_3Slice5Cell2,0.5892857142857143
Flux,V1-V2,32315_V1_4Slice6Cell2,0.855072463768116
Flux,V1-V2,32315V1_2Slice2Cell1,0.6442307692307693
Flux,V1-V2,32315V1_3Slice7Cell1,0.8356164383561644
Flux,V1-V2,32315V1_3Slice8Cell2,0.8405797101449275
Flux,V1-V2,32315V1_3Slice8Cell3,0.8529411764705882
Flux,V1-V2,32315V1_3Slice8Cell4,0.8507462686567164
Flux,V1-V2,32315V1_4Slice5Cell1,0.8507462686567164
Flux,V1-V2,32315V1_4Slice5Cell2,0.8507462686567164
Flux,V1-V2,32315V1_4Slice6Cell1,0.6372549019607843
Flux,V1-V2,32315V1_4Slice6Cell2,0.5929203539823009
Flux,V1-V2,32315V1_4Slice8_Cell2,0.7529411764705882
Flux,V1-V2,32315V1_4Slice8Cell1,0.7910447761194029
Flux,V1-V2,4314ARCHV1_2Slice5Cell1,0.8285714285714286
Flux,V1-V2,4314ARCHV1_2Slice8Cell1,0.8333333333333334
Flux,V1-V2,4314ARCHV1_2Slice8Cell2,0.8194444444444444
Flux,V1-V2,72513V1_2Slice10Cell1,0.8529411764705882
Flux,V1-V2,72513V1_2Slice12Cell1,0.8382352941176471
Flux,V1-V2,72513V1_3Slice2Cell1,0.6442307692307693
Flux,V1-V2,72513V1_3Slice3Cell1,0.8356164383561644
Flux,V1-V2,72513V1_3Slice6Cell1,0.8507462686567164
Flux,V1-V2,72513V1_3Slice6Cell2,0.8529411764705882
Flux,V1-V2,72513V1_3Slice7Cell2,0.8507462686567164
Flux,V1-V2,72513V1_3Slice8Cell1,0.8382352941176471
Flux,V1-V2,72513V1_3Slice9Cell2,0.8382352941176471
Flux,V1-V2,72513V1_4Slice2Cell1,0.8507462686567164
Flux,V1-V2,72513V1_4Slice2Cell2,0.8382352941176471
Flux,V1-V2,72513V1_4Slice2Cell3,0.7875
Flux,V1-V2,72513V1_4Slice2Cell4,0.6712328767123288
Flux,V1-V2,72513V1_4Slice3Cell1,0.7105263157894737
Flux,V1-V2,72513V1_4Slice3Cell2,0.8382352941176471
Flux,V1-V2,72513V1_5Slice2Cell1,0.8382352941176471
Flux,V1-V2,72513V1_5Slice3Cell1,0.8405797101449275
Flux,V1-V2,72513V13Slice7Cell1,0.8507462686567164
Flux,V1-V2,72715_V1_2slice10,0.8382352941176471
Flux,V1-V2,72715_V1_2slice5,0.835820895522388
Flux,V1-V2,72715_V1_2slice5cell2,0.8333333333333334
Flux,V1-V2,72715_V1_2slice5cell3,0.8208955223880597
Flux,V1-V2,72715_V1_2slice8,0.8529411764705882
Flux,V1-V2,72715_V1_2slice9,0.8309859154929577
Flux,V1-V2,72715_V1_2slice9cell2,0.8507462686567164
Flux,V1-V2,72715_V1_5Slice4Cell2,0.8507462686567164
Flux,V1-V2,72715_V1_5Slice4Cell3,0.8235294117647058
Flux,V1-V2,72715_V1,0.8382352941176471
Flux,V1-V2,72715,0.8382352941176471
Flux,V1-V2,73014V1_2Slice2Cell1,0.7590361445783133
Flux,V1-V2,73014V1_2Slice3Cell3,0.7590361445783133
Flux,V1-V2,73014V1_2Slice3Cell4,0.5929203539823009
Flux,V1-V2,73014V1_2Slice4Cell3,0.7469879518072289
Flux,V1-V2,73014V1_2Slice5Cell3,0.8208955223880597
Flux,V1-V2,73014V1_2Slice6Cell1,0.8507462686567164
Flux,V1-V2,73014V1_3Slice2Cell1,0.7222222222222222
Flux,V1-V2,73014V1_3Slice2Cell2,0.8405797101449275
Flux,V1-V2,73014V1_3Slice4Cell2,0.8382352941176471
Flux,V1-V2,73014V1_3Slice6Cell1,0.8382352941176471
Flux,V1-V2,73014V1_4Slice3Cell1,0.7681159420289855
Flux,V1-V2,73014V1_4Slice5Cell1,0.8382352941176471
Flux,V1-V2,73014V12Slice9Cell1,0.7794117647058824
Leaf,PMLS-PLLS,30_1_1_21a,0.56
Leaf,PMLS-PLLS,30_4_1_21a,0.6
Leaf,PMLS-PLLS,31_1_1_PLLS,0.6078431372549019
Leaf,PMLS-PLLS,31_1_1_PMLS,0.6140350877192983
Leaf,PMLS-PLLS,31_1_2_PMLS,0.64
Leaf,PMLS-PLLS,31_1_3_PMLS,0.5882352941176471
Leaf,PMLS-PLLS,31_1_4_PMLS,0.6037735849056604
Leaf,PMLS-PLLS,31_1_5_PMLS,0.56
Leaf,PMLS-PLLS,31_1_6_PMLS,0.62
Leaf,PMLS-PLLS,31_1_7_PMLS,0.4807692307692308
Leaf,PMLS-PLLS,31_2_1_PLLS,0.5932203389830508
Leaf,PMLS-PLLS,31_3_1_PLLS,0.6538461538461539
Leaf,PMLS-PLLS,31_3_2_PLLS,0.68
Leaf,PMLS-PLLS,31_3_3_PLLS,0.5714285714285714
Leaf,PMLS-PLLS,31_4_1_PLLS,0.6274509803921569
Leaf,PMLS-PLLS,34_1_1_21a,0.5
Leaf,PMLS-PLLS,34_1_1_PMLS,0.5961538461538461
Leaf,PMLS-PLLS,40_2_1_PMLS,0.6226415094339622
Leaf,PMLS-PLLS,57_4_1_21a,0.5769230769230769
Leaf,PMLS-PLLS,57_4_2_21a,0.5769230769230769
Leaf,PMLS-PLLS,57_4_3_21a,0.5892857142857143
Leaf,PMLS-PLLS,57_4_4_21a,0.5576923076923077
Leaf,PMLS-PLLS,58_2_1_PLLS,0.660377358490566
Leaf,PMLS-PLLS,58_2_1_PMLS,0.6166666666666667
Leaf,PMLS-PLLS,58_3_1_PMLS,0.6346153846153846
Leaf,PMLS-PLLS,58_3_2_PMLS,0.6428571428571429
Leaf,PMLS-PLLS,58_4_1_PLLS,0.56
Leaf,PMLS-PLLS,58_4_1_PMLS,0.6206896551724138
Leaf,PMLS-PLLS,58_5_1_PLLS,0.6470588235294118
Leaf,PMLS-PLLS,61_3_1_21a,0.48148148148148145
Leaf,PMLS-PLLS,61_4_1_21a,0.46551724137931033
Leaf,PMLS-PLLS,62_1_1_PLLS,0.5138888888888888
Leaf,PMLS-PLLS,62_1_1_PMLS,0.4788732394366197
Leaf,PMLS-PLLS,62_1_2_PLLS,0.45652173913043476
Leaf,PMLS-PLLS,62_2_1_PMLS,0.5185185185185185
Leaf,PMLS-PLLS,62_3_1_PLLS,0.5490196078431373
Leaf,PMLS-PLLS,62_3_1_PMLS,0.5084745762711864
Leaf,PMLS-PLLS,62_4_1_PLLS,0.5384615384615384
Leaf,PMLS-PLLS,62_4_1_PMLS,0.4576271186440678
Leaf,PMLS-PLLS,62_4_2_PLLS,0.43478260869565216
Leaf,PMLS-PLLS,62_4_2_PMLS,0.5
Leaf,PMLS-PLLS,62_4_3_PLLS,0.5471698113207547
Leaf,PMLS-PLLS,62_4_3_PMLS,0.52
Leaf,PMLS-PLLS,62_4_4_PMLS,0.5
Leaf,PMLS-PLLS,75_1_1_PLLS,0.58
Leaf,PMLS-PLLS,75_2_1_PLLS,0.52
Leaf,PMLS-PLLS,75_5_1_PLLS,0.52
Leaf,PMLS-PLLS,84_4_1_21a,0.54
Leaf,PMLS-PLLS,85_2_1_PLLS,0.5789473684210527
Leaf,PMLS-PLLS,85_3_1_PLLS,0.6440677966101694
Leaf,V1-V2,121012V1_2Slice2Cell1,0.6617647058823529
Leaf,V1-V2,121012V1_2Slice2Cell2,0.6266666666666667
Leaf,V1-V2,121012V1_3Slice6Cell1,0.6029411764705882
Leaf,V1-V2,121012V1_3Slice6Cell2,0.5775862068965517
Leaf,V1-V2,121012V1_3Slice6Cell3,0.6857142857142857
Leaf,V1-V2,121012V1_3Slice6Cell4,0.6533333333333333
Leaf,V1-V2,121012V1_3Slice6Cell5,0.5970149253731343
Leaf,V1-V2,121012V1_3Slice6Cell6,0.6470588235294118
Leaf,V1-V2,121012V1_3Slice7Cell1,0.6056338028169014
Leaf,V1-V2,32315_V1_3Slice5Cell2,0.5739130434782609
Leaf,V1-V2,32315_V1_4Slice6Cell2,0.5789473684210527
Leaf,V1-V2,32315V1_2Slice2Cell1,0.5775862068965517
Leaf,V1-V2,32315V1_3Slice7Cell1,0.5775862068965517
Leaf,V1-V2,32315V1_3Slice8Cell2,0.5833333333333334
Leaf,V1-V2,32315V1_3Slice8Cell3,0.5775862068965517
Leaf,V1-V2,32315V1_3Slice8Cell4,0.6086956521739131
Leaf,V1-V2,32315V1_4Slice5Cell1,0.5789473684210527
Leaf,V1-V2,32315V1_4Slice5Cell2,0.6133333333333333
Leaf,V1-V2,32315V1_4Slice6Cell1,0.5775862068965517
Leaf,V1-V2,32315V1_4Slice6Cell2,0.5739130434782609
Leaf,V1-V2,32315V1_4Slice8_Cell2,0.5775862068965517
Leaf,V1-V2,32315V1_4Slice8Cell1,0.5775862068965517
Leaf,V1-V2,4314ARCHV1_2Slice5Cell1,0.6944444444444444
Leaf,V1-V2,4314ARCHV1_2Slice8Cell1,0.5775862068965517
Leaf,V1-V2,4314ARCHV1_2Slice8Cell2,0.647887323943662
Leaf,V1-V2,72513V1_2Slice10Cell1,0.5775862068965517
Leaf,V1-V2,72513V1_2Slice12Cell1,0.6119402985074627
Leaf,V1-V2,72513V1_3Slice2Cell1,0.5789473684210527
Leaf,V1-V2,72513V1_3Slice3Cell1,0.5775862068965517
Leaf,V1-V2,72513V1_3Slice6Cell1,0.6323529411764706
Leaf,V1-V2,72513V1_3Slice6Cell2,0.5775862068965517
Leaf,V1-V2,72513V1_3Slice7Cell2,0.5739130434782609
Leaf,V1-V2,72513V1_3Slice8Cell1,0.5775862068965517
Leaf,V1-V2,72513V1_3Slice9Cell2,0.5775862068965517
Leaf,V1-V2,72513V1_4Slice2Cell1,0.5775862068965517
Leaf,V1-V2,72513V1_4Slice2Cell2,0.6176470588235294
Leaf,V1-V2,72513V1_4Slice2Cell3,0.5775862068965517
Leaf,V1-V2,72513V1_4Slice2Cell4,0.6323529411764706
Leaf,V1-V2,72513V1_4Slice3Cell1,0.5775862068965517
Leaf,V1-V2,72513V1_4Slice3Cell2,0.5972222222222222
Leaf,V1-V2,72513V1_5Slice2Cell1,0.5775862068965517
Leaf,V1-V2,72513V1_5Slice3Cell1,0.5775862068965517
Leaf,V1-V2,72513V13Slice7Cell1,0.6268656716417911
Leaf,V1-V2,72715_V1_2slice10,0.6944444444444444
Leaf,V1-V2,72715_V1_2slice5,0.6521739130434783
Leaf,V1-V2,72715_V1_2slice5cell2,0.6025641025641025
Leaf,V1-V2,72715_V1_2slice5cell3,0.5925925925925926
Leaf,V1-V2,72715_V1_2slice8,0.5775862068965517
Leaf,V1-V2,72715_V1_2slice9,0.5775862068965517
Leaf,V1-V2,72715_V1_2slice9cell2,0.5774647887323944
Leaf,V1-V2,72715_V1_5Slice4Cell2,0.5775862068965517
Leaf,V1-V2,72715_V1_5Slice4Cell3,0.6172839506172839
Leaf,V1-V2,72715_V1,0.6216216216216216
Leaf,V1-V2,72715,0.6436781609195402
Leaf,V1-V2,73014V1_2Slice2Cell1,0.6231884057971014
Leaf,V1-V2,73014V1_2Slice3Cell3,0.5775862068965517
Leaf,V1-V2,73014V1_2Slice3Cell4,0.6097560975609756
Leaf,V1-V2,73014V1_2Slice4Cell3,0.6231884057971014
Leaf,V1-V2,73014V1_2Slice5Cell3,0.5775862068965517
Leaf,V1-V2,73014V1_2Slice6Cell1,0.6176470588235294
Leaf,V1-V2,73014V1_3Slice2Cell1,0.5775862068965517
Leaf,V1-V2,73014V1_3Slice2Cell2,0.5775862068965517
Leaf,V1-V2,73014V1_3Slice4Cell2,0.6176470588235294
Leaf,V1-V2,73014V1_3Slice6Cell1,0.5775862068965517
Leaf,V1-V2,73014V1_4Slice3Cell1,0.5775862068965517
Leaf,V1-V2,73014V1_4Slice5Cell1,0.6865671641791045
Leaf,V1-V2,73014V12Slice9Cell1,0.6
Spread,PMLS-PLLS,30_1_1_21a,0.42735042735042733
Spread,PMLS-PLLS,30_4_1_21a,0.42735042735042733
Spread,PMLS-PLLS,31_1_1_PLLS,0.42735042735042733
Spread,PMLS-PLLS,31_1_1_PMLS,0.7843137254901961
Spread,PMLS-PLLS,31_1_2_PMLS,0.6862745098039216
Spread,PMLS-PLLS,31_1_3_PMLS,0.7843137254901961
Spread,PMLS-PLLS,31_1_4_PMLS,0.42857142857142855
Spread,PMLS-PLLS,31_1_5_PMLS,0.42735042735042733
Spread,PMLS-PLLS,31_1_6_PMLS,0.7647058823529411
Spread,PMLS-PLLS,31_1_7_PMLS,0.8
Spread,PMLS-PLLS,31_2_1_PLLS,0.803921568627451
Spread,PMLS-PLLS,31_3_1_PLLS,0.8
Spread,PMLS-PLLS,31_3_2_PLLS,0.4939759036144578
Spread,PMLS-PLLS,31_3_3_PLLS,0.7090909090909091
Spread,PMLS-PLLS,31_4_1_PLLS,0.7843137254901961
Spread,PMLS-PLLS,34_1_1_21a,0.8
Spread,PMLS-PLLS,34_1_1_PMLS,0.6862745098039216
Spread,PMLS-PLLS,40_2_1_PMLS,0.43119266055045874
Spread,PMLS-PLLS,57_4_1_21a,0.803921568627451
Spread,PMLS-PLLS,57_4_2_21a,0.8
Spread,PMLS-PLLS,57_4_3_21a,0.46
Spread,PMLS-PLLS,57_4_4_21a,0.8
Spread,PMLS-PLLS,58_2_1_PLLS,0.8
Spread,PMLS-PLLS,58_2_1_PMLS,0.8
Spread,PMLS-PLLS,58_3_1_PMLS,0.82
Spread,PMLS-PLLS,58_3_2_PMLS,0.8
Spread,PMLS-PLLS,58_4_1_PLLS,0.7884615384615384
Spread,PMLS-PLLS,58_4_1_PMLS,0.8
Spread,PMLS-PLLS,58_5_1_PLLS,0.8
Spread,PMLS-PLLS,61_3_1_21a,0.8
Spread,PMLS-PLLS,61_4_1_21a,0.42735042735042733
Spread,PMLS-PLLS,62_1_1_PLLS,0.8
Spread,PMLS-PLLS,62_1_1_PMLS,0.7843137254901961
Spread,PMLS-PLLS,62_1_2_PLLS,0.8
Spread,PMLS-PLLS,62_2_1_PMLS,0.7884615384615384
Spread,PMLS-PLLS,62_3_1_PLLS,0.6727272727272727
Spread,PMLS-PLLS,62_3_1_PMLS,0.8
Spread,PMLS-PLLS,62_4_1_PLLS,0.7142857142857143
Spread,PMLS-PLLS,62_4_1_PMLS,0.8
Spread,PMLS-PLLS,62_4_2_PLLS,0.8
Spread,PMLS-PLLS,62_4_2_PMLS,0.72
Spread,PMLS-PLLS,62_4_3_PLLS,0.8
Spread,PMLS-PLLS,62_4_3_PMLS,0.5053763440860215
Spread,PMLS-PLLS,62_4_4_PMLS,0.8
Spread,PMLS-PLLS,75_1_1_PLLS,0.8
Spread,PMLS-PLLS,75_2_1_PLLS,0.42735042735042733
Spread,PMLS-PLLS,75_5_1_PLLS,0.5625
Spread,PMLS-PLLS,84_4_1_21a,0.7
Spread,PMLS-PLLS,85_2_1_PLLS,0.68
Spread,PMLS-PLLS,85_3_1_PLLS,0.7115384615384616
Spread,V1-V2,121012V1_2Slice2Cell1,0.8235294117647058
Spread,V1-V2,121012V1_2Slice2Cell2,0.5789473684210527
Spread,V1-V2,121012V1_3Slice6Cell1,0.855072463768116
Spread,V1-V2,121012V1_3Slice6Cell2,0.8529411764705882
Spread,V1-V2,121012V1_3Slice6Cell3,0.8591549295774648
Spread,V1-V2,121012V1_3Slice6Cell4,0.8571428571428571
Spread,V1-V2,121012V1_3Slice6Cell5,0.8611111111111112
Spread,V1-V2,121012V1_3Slice6Cell6,0.8591549295774648
Spread,V1-V2,121012V1_3Slice7Cell1,0.8656716417910447
Spread,V1-V2,32315_V1_3Slice5Cell2,0.855072463768116
Spread,V1-V2,32315_V1_4Slice6Cell2,0.835820895522388
Spread,V1-V2,32315V1_2Slice2Cell1,0.7611940298507462
Spread,V1-V2,32315V1_3Slice7Cell1,0.8656716417910447
Spread,V1-V2,32315V1_3Slice8Cell2,0.8656716417910447
Spread,V1-V2,32315V1_3Slice8Cell3,0.8208955223880597
Spread,V1-V2,32315V1_3Slice8Cell4,0.5789473684210527
Spread,V1-V2,32315V1_4Slice5Cell1,0.8059701492537313
Spread,V1-V2,32315V1_4Slice5Cell2,0.7164179104477612
Spread,V1-V2,32315V1_4Slice6Cell1,0.8656716417910447
Spread,V1-V2,32315V1_4Slice6Cell2,0.8591549295774648
Spread,V1-V2,32315V1_4Slice8_Cell2,0.6376811594202898
Spread,V1-V2,32315V1_4Slice8Cell1,0.835820895522388
Spread,V1-V2,4314ARCHV1_2Slice5Cell1,0.5789473684210527
Spread,V1-V2,4314ARCHV1_2Slice8Cell1,0.7761194029850746
Spread,V1-V2,4314ARCHV1_2Slice8Cell2,0.5789473684210527
Spread,V1-V2,72513V1_2Slice10Cell1,0.8656716417910447
Spread,V1-V2,72513V1_2Slice12Cell1,0.8591549295774648
Spread,V1-V2,72513V1_3Slice2Cell1,0.7183098591549296
Spread,V1-V2,72513V1_3Slice3Cell1,0.8208955223880597
Spread,V1-V2,72513V1_3Slice6Cell1,0.8529411764705882
Spread,V1-V2,72513V1_3Slice6Cell2,0.7164179104477612
Spread,V1-V2,72513V1_3Slice7Cell2,0.8676470588235294
Spread,V1-V2,72513V1_3Slice8Cell1,0.8656716417910447
Spread,V1-V2,72513V1_3Slice9Cell2,0.8676470588235294
Spread,V1-V2,72513V1_4Slice2Cell1,0.8611111111111112
Spread,V1-V2,72513V1_4Slice2Cell2,0.8656716417910447
Spread,V1-V2,72513V1_4Slice2Cell3,0.8695652173913043
Spread,V1-V2,72513V1_4Slice2Cell4,0.8676470588235294
Spread,V1-V2,72513V1_4Slice3Cell1,0.8656716417910447
Spread,V1-V2,72513V1_4Slice3Cell2,0.8805970149253731
Spread,V1-V2,72513V1_5Slice2Cell1,0.8676470588235294
Spread,V1-V2,72513V1_5Slice3Cell1,0.8676470588235294
Spread,V1-V2,72513V13Slice7Cell1,0.6119402985074627
Spread,V1-V2,72715_V1_2slice10,0.7971014492753623
Spread,V1-V2,72715_V1_2slice5,0.6285714285714286
Spread,V1-V2,72715_V1_2slice5cell2,0.6716417910447762
Spread,V1-V2,72715_V1_2slice5cell3,0.5789473684210527
Spread,V1-V2,72715_V1_2slice8,0.8507462686567164
Spread,V1-V2,72715_V1_2slice9,0.6338028169014085
Spread,V1-V2,72715_V1_2slice9cell2,0.835820895522388
Spread,V1-V2,72715_V1_5Slice4Cell2,0.5789473684210527
Spread,V1-V2,72715_V1_5Slice4Cell3,0.6956521739130435
Spread,V1-V2,72715_V1,0.6119402985074627
Spread,V1-V2,72715,0.6285714285714286
Spread,V1-V2,73014V1_2Slice2Cell1,0.7164179104477612
Spread,V1-V2,73014V1_2Slice3Cell3,0.6285714285714286
Spread,V1-V2,73014V1_2Slice3Cell4,0.8656716417910447
Spread,V1-V2,73014V1_2Slice4Cell3,0.7761194029850746
Spread,V1-V2,73014V1_2Slice5Cell3,0.7391304347826086
Spread,V1-V2,73014V1_2Slice6Cell1,0.8656716417910447
Spread,V1-V2,73014V1_3Slice2Cell1,0.8656716417910447
Spread,V1-V2,73014V1_3Slice2Cell2,0.8529411764705882
Spread,V1-V2,73014V1_3Slice4Cell2,0.8208955223880597
Spread,V1-V2,73014V1_3Slice6Cell1,0.8676470588235294
Spread,V1-V2,73014V1_4Slice3Cell1,0.5970149253731343
Spread,V1-V2,73014V1_4Slice5Cell1,0.5789473684210527
Spread,V1-V2,73014V12Slice9Cell1,0.5789473684210527
Energy,PMLS-PLLS,30_1_1_21a,0.7
Energy,PMLS-PLLS,30_4_1_21a,0.74
Energy,PMLS-PLLS,31_1_1_PLLS,0.7254901960784313
Energy,PMLS-PLLS,31_1_1_PMLS,0.46153846153846156
Energy,PMLS-PLLS,31_1_2_PMLS,0.42735042735042733
Energy,PMLS-PLLS,31_1_3_PMLS,0.42735042735042733
Energy,PMLS-PLLS,31_1_4_PMLS,0.54
Energy,PMLS-PLLS,31_1_5_PMLS,0.62
Energy,PMLS-PLLS,31_1_6_PMLS,0.68
Energy,PMLS-PLLS,31_1_7_PMLS,0.54
Energy,PMLS-PLLS,31_2_1_PLLS,0.42735042735042733
Energy,PMLS-PLLS,31_3_1_PLLS,0.43137254901960786
Energy,PMLS-PLLS,31_3_2_PLLS,0.7254901960784313
Energy,PMLS-PLLS,31_3_3_PLLS,0.68
Energy,PMLS-PLLS,31_4_1_PLLS,0.64
Energy,PMLS-PLLS,34_1_1_21a,0.42735042735042733
Energy,PMLS-PLLS,34_1_1_PMLS,0.42735042735042733
Energy,PMLS-PLLS,40_2_1_PMLS,0.7254901960784313
Energy,PMLS-PLLS,57_4_1_21a,0.6037735849056604
Energy,PMLS-PLLS,57_4_2_21a,0.42735042735042733
Energy,PMLS-PLLS,57_4_3_21a,0.64
Energy,PMLS-PLLS,57_4_4_21a,0.52
Energy,PMLS-PLLS,58_2_1_PLLS,0.5098039215686274
Energy,PMLS-PLLS,58_2_1_PMLS,0.64
Energy,PMLS-PLLS,58_3_1_PMLS,0.72
Energy,PMLS-PLLS,58_3_2_PMLS,0.7254901960784313
Energy,PMLS-PLLS,58_4_1_PLLS,0.42735042735042733
Energy,PMLS-PLLS,58_4_1_PMLS,0.42735042735042733
Energy,PMLS-PLLS,58_5_1_PLLS,0.4423076923076923
Energy,PMLS-PLLS,61_3_1_21a,0.42735042735042733
Energy,PMLS-PLLS,61_4_1_21a,0.42735042735042733
Energy,PMLS-PLLS,62_1_1_PLLS,0.42735042735042733
Energy,PMLS-PLLS,62_1_1_PMLS,0.42735042735042733
Energy,PMLS-PLLS,62_1_2_PLLS,0.42735042735042733
Energy,PMLS-PLLS,62_2_1_PMLS,0.42735042735042733
Energy,PMLS-PLLS,62_3_1_PLLS,0.74
Energy,PMLS-PLLS,62_3_1_PMLS,0.42735042735042733
Energy,PMLS-PLLS,62_4_1_PLLS,0.54
Energy,PMLS-PLLS,62_4_1_PMLS,0.42735042735042733
Energy,PMLS-PLLS,62_4_2_PLLS,0.64
Energy,PMLS-PLLS,62_4_2_PMLS,0.42735042735042733
Energy,PMLS-PLLS,62_4_3_PLLS,0.5882352941176471
Energy,PMLS-PLLS,62_4_3_PMLS,0.42735042735042733
Energy,PMLS-PLLS,62_4_4_PMLS,0.42735042735042733
Energy,PMLS-PLLS,75_1_1_PLLS,0.6862745098039216
Energy,PMLS-PLLS,75_2_1_PLLS,0.74
Energy,PMLS-PLLS,75_5_1_PLLS,0.46
Energy,PMLS-PLLS,84_4_1_21a,0.6862745098039216
Energy,PMLS-PLLS,85_2_1_PLLS,0.42735042735042733
Energy,PMLS-PLLS,85_3_1_PLLS,0.47058823529411764
Energy,V1-V2,121012V1_2Slice2Cell1,0.8059701492537313
Energy,V1-V2,121012V1_2Slice2Cell2,0.8082191780821918
Energy,V1-V2,121012V1_3Slice6Cell1,0.8082191780821918
Energy,V1-V2,121012V1_3Slice6Cell2,0.8059701492537313
Energy,V1-V2,121012V1_3Slice6Cell3,0.8082191780821918
Energy,V1-V2,121012V1_3Slice6Cell4,0.8059701492537313
Energy,V1-V2,121012V1_3Slice6Cell5,0.6767676767676768
Energy,V1-V2,121012V1_3Slice6Cell6,0.8082191780821918
Energy,V1-V2,121012V1_3Slice7Cell1,0.7
Energy,V1-V2,32315_V1_3Slice5Cell2,0.8082191780821918
Energy,V1-V2,32315_V1_4Slice6Cell2,0.8059701492537313
Energy,V1-V2,32315V1_2Slice2Cell1,0.8059701492537313
Energy,V1-V2,32315V1_3Slice7Cell1,0.7407407407407407
Energy,V1-V2,32315V1_3Slice8Cell2,0.8059701492537313
Energy,V1-V2,32315V1_3Slice8Cell3,0.8059701492537313
Energy,V1-V2,32315V1_3Slice8Cell4,0.8082191780821918
Energy,V1-V2,32315V1_4Slice5Cell1,0.8059701492537313
Energy,V1-V2,32315V1_4Slice5Cell2,0.7282608695652174
Energy,V1-V2,32315V1_4Slice6Cell1,0.8082191780821918
Energy,V1-V2,32315V1_4Slice6Cell2,0.7282608695652174
Energy,V1-V2,32315V1_4Slice8_Cell2,0.7471264367816092
Energy,V1-V2,32315V1_4Slice8Cell1,0.7558139534883721
Energy,V1-V2,4314ARCHV1_2Slice5Cell1,0.8059701492537313
Energy,V1-V2,4314ARCHV1_2Slice8Cell1,0.8059701492537313
Energy,V1-V2,4314ARCHV1_2Slice8Cell2,0.8059701492537313
Energy,V1-V2,72513V1_2Slice10Cell1,0.7282608695652174
Energy,V1-V2,72513V1_2Slice12Cell1,0.8059701492537313
Energy,V1-V2,72513V1_3Slice2Cell1,0.8059701492537313
Energy,V1-V2,72513V1_3Slice3Cell1,0.8059701492537313
Energy,V1-V2,72513V1_3Slice6Cell1,0.8055555555555556
Energy,V1-V2,72513V1_3Slice6Cell2,0.6956521739130435
Energy,V1-V2,72513V1_3Slice7Cell2,0.8059701492537313
Energy,V1-V2,72513V1_3Slice8Cell1,0.75
Energy,V1-V2,72513V1_3Slice9Cell2,0.6907216494845361
Energy,V1-V2,72513V1_4Slice2Cell1,0.6966292134831461
Energy,V1-V2,72513V1_4Slice2Cell2,0.8059701492537313
Energy,V1-V2,72513V1_4Slice2Cell3,0.7625
Energy,V1-V2,72513V1_4Slice2Cell4,0.8082191780821918
Energy,V1-V2,72513V1_4Slice3Cell1,0.8028169014084507
Energy,V1-V2,72513V1_4Slice3Cell2,0.8082191780821918
Energy,V1-V2,72513V1_5Slice2Cell1,0.6907216494845361
Energy,V1-V2,72513V1_5Slice3Cell1,0.6907216494845361
Energy,V1-V2,72513V13Slice7Cell1,0.8059701492537313
Energy,V1-V2,72715_V1_2slice10,0.8055555555555556
Energy,V1-V2,72715_V1_2slice5,0.8059701492537313
Energy,V1-V2,72715_V1_2slice5cell2,0.8059701492537313
Energy,V1-V2,72715_V1_2slice5cell3,0.8059701492537313
Energy,V1-V2,72715_V1_2slice8,0.8059701492537313
Energy,V1-V2,72715_V1_2slice9,0.8059701492537313
Energy,V1-V2,72715_V1_2slice9cell2,0.7564102564102564
Energy,V1-V2,72715_V1_5Slice4Cell2,0.8028169014084507
Energy,V1-V2,72715_V1_5Slice4Cell3,0.8082191780821918
Energy,V1-V2,72715_V1,0.8055555555555556
Energy,V1-V2,72715,0.7971014492753623
Energy,V1-V2,73014V1_2Slice2Cell1,0.8055555555555556
Energy,V1-V2,73014V1_2Slice3Cell3,0.8059701492537313
Energy,V1-V2,73014V1_2Slice3Cell4,0.7733333333333333
Energy,V1-V2,73014V1_2Slice4Cell3,0.8059701492537313
Energy,V1-V2,73014V1_2Slice5Cell3,0.7733333333333333
Energy,V1-V2,73014V1_2Slice6Cell1,0.7349397590361446
Energy,V1-V2,73014V1_3Slice2Cell1,0.8082191780821918
Energy,V1-V2,73014V1_3Slice2Cell2,0.8082191780821918
Energy,V1-V2,73014V1_3Slice4Cell2,0.8108108108108109
Energy,V1-V2,73014V1_3Slice6Cell1,0.8108108108108109
Energy,V1-V2,73014V1_4Slice3Cell1,0.8055555555555556
Energy,V1-V2,73014V1_4Slice5Cell1,0.8059701492537313
Energy,V1-V2,73014V12Slice9Cell1,0.8059701492537313
