neuron_name,class,class_color
30_1_1_21a,PMLS-PLLS,#f77189
30_4_1_21a,PMLS-PLLS,#f77189
31_1_1_PLLS,PMLS-PLLS,#f77189
31_1_1_PMLS,PMLS-PLLS,#f77189
31_1_2_PMLS,PMLS-PLLS,#f77189
31_1_3_PMLS,PMLS-PLLS,#f77189
31_1_4_PMLS,PMLS-PLLS,#f77189
31_1_5_PMLS,PMLS-PLLS,#f77189
31_1_6_PMLS,PMLS-PLLS,#f77189
31_1_7_PMLS,PMLS-PLLS,#f77189
31_2_1_PLLS,PMLS-PLLS,#f77189
31_3_1_PLLS,PMLS-PLLS,#f77189
31_3_2_PLLS,PMLS-PLLS,#f77189
31_3_3_PLLS,PMLS-PLLS,#f77189
31_4_1_PLLS,PMLS-PLLS,#f77189
34_1_1_21a,PMLS-PLLS,#f77189
34_1_1_PMLS,PMLS-PLLS,#f77189
40_2_1_PMLS,PMLS-PLLS,#f77189
57_4_1_21a,PMLS-PLLS,#f77189
57_4_2_21a,PMLS-PLLS,#f77189
57_4_3_21a,PMLS-PLLS,#f77189
57_4_4_21a,PMLS-PLLS,#f77189
58_2_1_PLLS,PMLS-PLLS,#f77189
58_2_1_PMLS,PMLS-PLLS,#f77189
58_3_1_PMLS,PMLS-PLLS,#f77189
58_3_2_PMLS,PMLS-PLLS,#f77189
58_4_1_PLLS,PMLS-PLLS,#f77189
58_4_1_PMLS,PMLS-PLLS,#f77189
58_5_1_PLLS,PMLS-PLLS,#f77189
61_3_1_21a,PMLS-PLLS,#f77189
61_4_1_21a,PMLS-PLLS,#f77189
62_1_1_PLLS,PMLS-PLLS,#f77189
62_1_1_PMLS,PMLS-PLLS,#f77189
62_1_2_PLLS,PMLS-PLLS,#f77189
62_2_1_PMLS,PMLS-PLLS,#f77189
62_3_1_PLLS,PMLS-PLLS,#f77189
62_3_1_PMLS,PMLS-PLLS,#f77189
62_4_1_PLLS,PMLS-PLLS,#f77189
62_4_1_PMLS,PMLS-PLLS,#f77189
62_4_2_PLLS,PMLS-PLLS,#f77189
62_4_2_PMLS,PMLS-PLLS,#f77189
62_4_3_PLLS,PMLS-PLLS,#f77189
62_4_3_PMLS,PMLS-PLLS,#f77189
62_4_4_PMLS,PMLS-PLLS,#f77189
75_1_1_PLLS,PMLS-PLLS,#f77189
75_2_1_PLLS,PMLS-PLLS,#f77189
75_5_1_PLLS,PMLS-PLLS,#f77189
84_4_1_21a,PMLS-PLLS,#f77189
85_2_1_PLLS,PMLS-PLLS,#f77189
85_3_1_PLLS,PMLS-PLLS,#f77189
121012V1_2Slice2Cell1,V1-V2,#36ada4
121012V1_2Slice2Cell2,V1-V2,#36ada4
121012V1_3Slice6Cell1,V1-V2,#36ada4
121012V1_3Slice6Cell2,V1-V2,#36ada4
121012V1_3Slice6Cell3,V1-V2,#36ada4
121012V1_3Slice6Cell4,V1-V2,#36ada4
121012V1_3Slice6Cell5,V1-V2,#36ada4
121012V1_3Slice6Cell6,V1-V2,#36ada4
121012V1_3Slice7Cell1,V1-V2,#36ada4
32315_V1_3Slice5Cell2,V1-V2,#36ada4
32315_V1_4Slice6Cell2,V1-V2,#36ada4
32315V1_2Slice2Cell1,V1-V2,#36ada4
32315V1_3Slice7Cell1,V1-V2,#36ada4
32315V1_3Slice8Cell2,V1-V2,#36ada4
32315V1_3Slice8Cell3,V1-V2,#36ada4
32315V1_3Slice8Cell4,V1-V2,#36ada4
32315V1_4Slice5Cell1,V1-V2,#36ada4
32315V1_4Slice5Cell2,V1-V2,#36ada4
32315V1_4Slice6Cell1,V1-V2,#36ada4
32315V1_4Slice6Cell2,V1-V2,#36ada4
32315V1_4Slice8_Cell2,V1-V2,#36ada4
32315V1_4Slice8Cell1,V1-V2,#36ada4
4314ARCHV1_2Slice5Cell1,V1-V2,#36ada4
4314ARCHV1_2Slice8Cell1,V1-V2,#36ada4
4314ARCHV1_2Slice8Cell2,V1-V2,#36ada4
72513V1_2Slice10Cell1,V1-V2,#36ada4
72513V1_2Slice12Cell1,V1-V2,#36ada4
72513V1_3Slice2Cell1,V1-V2,#36ada4
72513V1_3Slice3Cell1,V1-V2,#36ada4
72513V1_3Slice6Cell1,V1-V2,#36ada4
72513V1_3Slice6Cell2,V1-V2,#36ada4
72513V1_3Slice7Cell2,V1-V2,#36ada4
72513V1_3Slice8Cell1,V1-V2,#36ada4
72513V1_3Slice9Cell2,V1-V2,#36ada4
72513V1_4Slice2Cell1,V1-V2,#36ada4
72513V1_4Slice2Cell2,V1-V2,#36ada4
72513V1_4Slice2Cell3,V1-V2,#36ada4
72513V1_4Slice2Cell4,V1-V2,#36ada4
72513V1_4Slice3Cell1,V1-V2,#36ada4
72513V1_4Slice3Cell2,V1-V2,#36ada4
72513V1_5Slice2Cell1,V1-V2,#36ada4
72513V1_5Slice3Cell1,V1-V2,#36ada4
72513V13Slice7Cell1,V1-V2,#36ada4
72715_V1_2slice10,V1-V2,#36ada4
72715_V1_2slice5,V1-V2,#36ada4
72715_V1_2slice5cell2,V1-V2,#36ada4
72715_V1_2slice5cell3,V1-V2,#36ada4
72715_V1_2slice8,V1-V2,#36ada4
72715_V1_2slice9,V1-V2,#36ada4
72715_V1_2slice9cell2,V1-V2,#36ada4
72715_V1_5Slice4Cell2,V1-V2,#36ada4
72715_V1_5Slice4Cell3,V1-V2,#36ada4
72715_V1,V1-V2,#36ada4
72715,V1-V2,#36ada4
73014V1_2Slice2Cell1,V1-V2,#36ada4
73014V1_2Slice3Cell3,V1-V2,#36ada4
73014V1_2Slice3Cell4,V1-V2,#36ada4
73014V1_2Slice4Cell3,V1-V2,#36ada4
73014V1_2Slice5Cell3,V1-V2,#36ada4
73014V1_2Slice6Cell1,V1-V2,#36ada4
73014V1_3Slice2Cell1,V1-V2,#36ada4
73014V1_3Slice2Cell2,V1-V2,#36ada4
73014V1_3Slice4Cell2,V1-V2,#36ada4
73014V1_3Slice6Cell1,V1-V2,#36ada4
73014V1_4Slice3Cell1,V1-V2,#36ada4
73014V1_4Slice5Cell1,V1-V2,#36ada4
73014V12Slice9Cell1,V1-V2,#36ada4
