filename,status,description
30_1_1_21a.CNG.swc,pass,Standardization PASSED.
30_4_1_21a.CNG.swc,pass,Standardization PASSED.
31_1_1_PLLS.CNG.swc,pass,Standardization PASSED.
31_1_1_PMLS.CNG.swc,pass,Standardization PASSED.
31_1_2_PMLS.CNG.swc,pass,Standardization PASSED.
31_1_3_PMLS.CNG.swc,pass,Standardization PASSED.
31_1_4_PMLS.CNG.swc,pass,Standardization PASSED.
31_1_5_PMLS.CNG.swc,pass,Standardization PASSED.
31_1_6_PMLS.CNG.swc,pass,Standardization PASSED.
31_1_7_PMLS.CNG.swc,pass,Standardization PASSED.
31_2_1_PLLS.CNG.swc,pass,Standardization PASSED.
31_3_1_PLLS.CNG.swc,pass,Standardization PASSED.
31_3_2_PLLS.CNG.swc,pass,Standardization PASSED.
31_3_3_PLLS.CNG.swc,pass,Standardization PASSED.
31_4_1_PLLS.CNG.swc,pass,Standardization PASSED.
34_1_1_21a.CNG.swc,pass,Standardization PASSED.
34_1_1_PMLS.CNG.swc,pass,Standardization PASSED.
40_2_1_PMLS.CNG.swc,pass,Standardization PASSED.
57_4_1_21a.CNG.swc,pass,Standardization PASSED.
57_4_2_21a.CNG.swc,pass,Standardization PASSED.
57_4_3_21a.CNG.swc,pass,Standardization PASSED.
57_4_4_21a.CNG.swc,pass,Standardization PASSED.
58_2_1_PLLS.CNG.swc,pass,Standardization PASSED.
58_2_1_PMLS.CNG.swc,pass,Standardization PASSED.
58_3_1_PMLS.CNG.swc,pass,Standardization PASSED.
58_3_2_PMLS.CNG.swc,pass,Standardization PASSED.
58_4_1_PLLS.CNG.swc,pass,Standardization PASSED.
58_4_1_PMLS.CNG.swc,pass,Standardization PASSED.
58_5_1_PLLS.CNG.swc,pass,Standardization PASSED.
61_3_1_21a.CNG.swc,pass,Standardization PASSED.
61_4_1_21a.CNG.swc,pass,Standardization PASSED.
62_1_1_PLLS.CNG.swc,pass,Standardization PASSED.
62_1_1_PMLS.CNG.swc,pass,Standardization PASSED.
62_1_2_PLLS.CNG.swc,pass,Standardization PASSED.
62_2_1-PMLS.CNG.swc,pass,Standardization PASSED.
62_3_1_PLLS.CNG.swc,pass,Standardization PASSED.
62_3_1_PMLS.CNG.swc,pass,Standardization PASSED.
62_4_1_PLLS.CNG.swc,pass,Standardization PASSED.
62_4_1_PMLS.CNG.swc,pass,Standardization PASSED.
62_4_2_PLLS.CNG.swc,pass,Standardization PASSED.
62_4_2_PMLS.CNG.swc,pass,Standardization PASSED.
62_4_3_PLLS.CNG.swc,pass,Standardization PASSED.
62_4_3_PMLS.CNG.swc,pass,Standardization PASSED.
62_4_4_PMLS.CNG.swc,pass,Standardization PASSED.
75_1_1_PLLS.CNG.swc,pass,Standardization PASSED.
75_2_1_PLLS.CNG.swc,pass,Standardization PASSED.
75_5_1_PLLS.CNG.swc,pass,Standardization PASSED.
84_4_1_21a.CNG.swc,pass,Standardization PASSED.
85_2_1_PLLS.CNG.swc,pass,Standardization PASSED.
85_3_1_PLLS.CNG.swc,pass,Standardization PASSED.
121012V1-2Slice2Cell1.CNG.swc,pass,Standardization PASSED.
121012V1-2Slice2Cell2.CNG.swc,pass,Standardization PASSED.
121012V1-3Slice6Cell1.CNG.swc,pass,Standardization PASSED.
121012V1-3Slice6Cell2.CNG.swc,pass,Standardization PASSED.
121012V1-3Slice6Cell3.CNG.swc,pass,Standardization PASSED.
121012V1-3Slice6Cell4.CNG.swc,pass,Standardization PASSED.
121012V1-3Slice6Cell5.CNG.swc,pass,Standardization PASSED.
121012V1-3Slice6Cell6.CNG.swc,pass,Standardization PASSED.
121012V1-3Slice7Cell1.CNG.swc,pass,Standardization PASSED.
32315-V1-3Slice5Cell2.CNG.swc,pass,Standardization PASSED.
32315-V1-4Slice6Cell2.CNG.swc,pass,Standardization PASSED.
32315V1-2Slice2Cell1.CNG.swc,pass,Standardization PASSED.
32315V1-3Slice7Cell1.CNG.swc,pass,Standardization PASSED.
32315V1-3Slice8Cell2.CNG.swc,pass,Standardization PASSED.
32315V1-3Slice8Cell3.CNG.swc,pass,Standardization PASSED.
32315V1-3Slice8Cell4.CNG.swc,pass,Standardization PASSED.
32315V1-4Slice5Cell1.CNG.swc,pass,Standardization PASSED.
32315V1-4Slice5Cell2.CNG.swc,pass,Standardization PASSED.
32315V1-4Slice6Cell1.CNG.swc,pass,Standardization PASSED.
32315V1-4Slice6Cell2.CNG.swc,pass,Standardization PASSED.
32315V1-4Slice8-Cell2.CNG.swc,pass,Standardization PASSED.
32315V1-4Slice8Cell1.CNG.swc,pass,Standardization PASSED.
4314ARCHV1-2Slice5Cell1.CNG.swc,pass,Standardization PASSED.
4314ARCHV1-2Slice8Cell1.CNG.swc,pass,Standardization PASSED.
4314ARCHV1-2Slice8Cell2.CNG.swc,pass,Standardization PASSED.
72513V1-2Slice10Cell1.CNG.swc,pass,Standardization PASSED.
72513V1-2Slice12Cell1.CNG.swc,pass,Standardization PASSED.
72513V1-3Slice2Cell1.CNG.swc,pass,Standardization PASSED.
72513V1-3Slice3Cell1.CNG.swc,pass,Standardization PASSED.
72513V1-3Slice6Cell1.CNG.swc,pass,Standardization PASSED.
72513V1-3Slice6Cell2.CNG.swc,pass,Standardization PASSED.
72513V1-3Slice7Cell2.CNG.swc,pass,Standardization PASSED.
72513V1-3Slice8Cell1.CNG.swc,pass,Standardization PASSED.
72513V1-3Slice9Cell2.CNG.swc,pass,Standardization PASSED.
72513V1-4Slice2Cell1.CNG.swc,pass,Standardization PASSED.
72513V1-4Slice2Cell2.CNG.swc,pass,Standardization PASSED.
72513V1-4Slice2Cell3.CNG.swc,pass,Standardization PASSED.
72513V1-4Slice2Cell4.CNG.swc,pass,Standardization PASSED.
72513V1-4Slice3Cell1.CNG.swc,pass,Standardization PASSED.
72513V1-4Slice3Cell2.CNG.swc,pass,Standardization PASSED.
72513V1-5Slice2Cell1.CNG.swc,pass,Standardization PASSED.
72513V1-5Slice3Cell1.CNG.swc,pass,Standardization PASSED.
72513V13Slice7Cell1.CNG.swc,pass,Standardization PASSED.
72715-V1-2slice10.CNG.swc,pass,Standardization PASSED.
72715-V1-2slice5.CNG.swc,pass,Standardization PASSED.
72715-V1-2slice5cell2.CNG.swc,pass,Standardization PASSED.
72715-V1-2slice5cell3.CNG.swc,pass,Standardization PASSED.
72715-V1-2slice8.CNG.swc,pass,Standardization PASSED.
72715-V1-2slice9.CNG.swc,pass,Standardization PASSED.
72715-V1-2slice9cell2.CNG.swc,pass,Standardization PASSED.
72715-V1-5Slice4Cell2.CNG.swc,pass,Standardization PASSED.
72715-V1-5Slice4Cell3.CNG.swc,pass,Standardization PASSED.
72715-V1.CNG.swc,pass,Standardization PASSED.
72715.CNG.swc,pass,Standardization PASSED.
73014V1-2Slice2Cell1.CNG.swc,pass,Standardization PASSED.
73014V1-2Slice3Cell3.CNG.swc,pass,Standardization PASSED.
73014V1-2Slice3Cell4.CNG.swc,pass,Standardization PASSED.
73014V1-2Slice4Cell3.CNG.swc,pass,Standardization PASSED.
73014V1-2Slice5Cell3.CNG.swc,pass,Standardization PASSED.
73014V1-2Slice6Cell1.CNG.swc,pass,Standardization PASSED.
73014V1-3Slice2Cell1.CNG.swc,pass,Standardization PASSED.
73014V1-3Slice2Cell2.CNG.swc,pass,Standardization PASSED.
73014V1-3Slice4Cell2.CNG.swc,pass,Standardization PASSED.
73014V1-3Slice6Cell1.CNG.swc,pass,Standardization PASSED.
73014V1-4Slice3Cell1.CNG.swc,pass,Standardization PASSED.
73014V1-4Slice5Cell1.CNG.swc,pass,Standardization PASSED.
73014V12Slice9Cell1.CNG.swc,pass,Standardization PASSED.
